src,target
"83,97,114,33,26,7,1,0,0,6,247,1,128,128,128,0,152,79,87,145,33,2,3,11,166,1,4,204,2,32,17,224,220,2,128,3,0,5,49,46,116,6,113,114,173,50,155,6,240,29,119,86,81,3,5,4,163,54,68,66,51,246,96,83,167,231,144,194,70,113,64,74,67,143,195,99,33,26,7,1,0,243,225,130,235,11,1,5,7,0,6,1,120,238,84,187,249,75,86,121,252,178,136,202,42,231,231,150,56,153,237,23,157,114,125,79,39,124,46,40,234,146,244,117,56,151,70,176,113,73,28,116,138,29,57,65,32,167,182,74,70,22,143,131,54,68,66,51,246,96,83,167,231,144,194,70,113,64,74,67,143,195,122,24,250,253,114,45,116,36,163,197,193,156,88,0,33,190,163,48,142,54,131,80,133,80,130,42,253,82,97,114,33,26,7,1,0,243,225,130,235,11,1,5,7,0,6,1,1,128,128,128,0,152,79,87,145,33,2,3,11,166,32,4,204,2,32,17,224,220,2,128,3,0,5,49,46,196,25,165,165,165,165,165,165,195,58,163,54,68,66,51,246,96,83,167","0,7,252,499,499,499,499,499,499,499,499,499,499,499,499,499,499,499,499,499,499,499,499,499,499,499,499,499,499,499,499,499,499,499,499,499,499,499,499,499,499,499,499,499,499,499,499,499,499,499,499,499,499,499,499,499,499,499,499,499,499,499,499,499,499,499,499,499,499,499,499,499,499,499,499,499,499,499,499,499,499,499,499,499,499,499,499,499,499,499,499,499,499,499,499,499,499,499,499"
"82,97,114,33,26,7,1,0,243,225,130,235,11,1,5,7,0,6,1,1,128,128,128,0,152,79,87,145,33,2,3,11,166,1,4,204,2,32,17,224,220,2,128,3,0,5,49,46,116,120,116,10,3,2,196,25,165,249,6,246,217,1,195,58,163,54,68,66,51,246,96,83,167,231,144,194,70,113,64,74,67,143,195,99,138,65,145,218,24,250,253,114,45,116,36,163,197,197,197,197,197,197,197,197,197,197,197,197,197,197,197,197,197,197,231,150,56,153,237,23,157,114,125,79,39,124,46,40,234,146,244,117,56,151,70,176,113,73,28,116,138,29,57,65,32,167,182,74,70,22,143,131,73,135,152,30,123,126,93,206,152,206,123,183,11,197,54,254,110,172,154,9,130,31,171,188,71,187,109,0,33,190,163,48,149,39,163,80,133,80,130,42,253,31,167,237,193,130,16,92,135,147,15,179,246,22,44,127,188,36,90,106,74,104,24,234,170,179,1,219,6,113,114,173,50,155,6,240,29,119,86,81,3,5,4,0,499,499,499,499,499,499,499,499,499,499,499,499,499,499,499,499,499,499,499,499","0,1,29,1,33,1,34,1,37,1,43,1,67,1,76,1,81,1,92,1,93,1,221,1,228,2,31,2,47,2,53,2,69,2,70,2,71,2,73,2,79,3,44,3,70,3,79,3,82,3,234,5,32,5,66,5,70,5,72,5,93,5,227,6,66,7,33,7,51,7,72,7,78,7,79,7,82,7,92,8,69,10,66,11,36,11,52,11,66,11,67,11,86,12,93,12,97,12,221"
"82,97,114,33,26,7,1,0,243,225,130,235,11,1,5,7,0,6,1,1,128,128,128,0,152,79,87,145,33,2,3,11,166,1,4,204,2,32,17,224,220,2,128,3,0,5,49,46,116,120,116,10,3,2,196,25,165,249,6,246,217,1,195,58,163,54,68,66,51,246,96,83,167,231,144,194,70,86,64,74,67,143,195,99,138,65,145,218,24,250,253,114,45,116,36,163,197,197,197,197,197,197,197,197,197,197,197,197,197,197,197,197,197,197,231,150,56,153,237,23,157,114,125,79,39,124,46,40,234,146,244,117,56,151,70,176,113,73,28,116,138,29,57,65,32,167,182,74,70,22,143,131,73,135,152,30,123,126,93,206,152,206,123,183,11,197,54,254,110,172,154,9,130,31,171,188,71,187,109,0,33,190,163,48,149,39,163,80,133,80,130,42,253,31,167,237,193,130,16,92,135,147,15,179,246,22,44,127,188,36,90,106,74,104,24,234,170,179,1,219,6,113,114,173,50,155,6,240,29,119,86,81,3,5,4,0,499,499,499,499,499,499,499,499,499,499,499,499,499,499,499,499,499,499,499,499","0,1,33,1,81,1,92,1,93,1,97,2,74,2,90,2,94,7,75,7,81,7,85,7,94,8,88,10,98,11,69,11,98,12,92,12,98,499,499,499,499,499,499,499,499,499,499,499,499,499,499,499,499,499,499,499,499,499,499,499,499,499,499,499,499,499,499,499,499,499,499,499,499,499,499,499,499,499,499,499,499,499,499,499,499,499,499,499,499,499,499,499,499,499,499,499,499,499,499"
"82,97,114,33,26,7,1,0,243,225,130,235,11,1,5,7,0,6,1,1,128,128,128,0,152,79,87,145,33,2,3,11,166,1,4,204,2,32,17,224,220,2,128,3,0,5,49,46,116,120,116,10,3,2,196,25,165,249,6,246,217,1,195,58,163,54,68,66,51,246,96,83,167,231,144,194,70,113,64,74,67,143,195,99,138,65,166,218,24,250,253,114,45,116,36,163,197,193,156,119,120,238,84,187,249,75,112,121,252,178,136,202,138,29,57,65,32,167,182,74,70,22,143,131,73,135,152,30,123,126,93,206,152,206,123,183,11,197,54,254,110,172,154,9,130,31,171,188,71,127,0,0,33,190,163,48,149,39,163,80,133,80,130,42,253,31,167,237,193,130,16,92,135,147,54,254,110,172,154,9,130,36,90,82,97,114,33,26,7,1,0,243,225,130,499,499,499,499,499,499,499,499,499,499,499,499,499,499,499,499,499,499,499,499,499,499,499,499,499,499,499,499,499,499,499,499,499,499,499,499,499,499,499,499,499,499,499,499,499,499,499,499,499,499,499,499,499,499,499,499,499,499,499,499,499,499","0,7,80,12,106,499,499,499,499,499,499,499,499,499,499,499,499,499,499,499,499,499,499,499,499,499,499,499,499,499,499,499,499,499,499,499,499,499,499,499,499,499,499,499,499,499,499,499,499,499,499,499,499,499,499,499,499,499,499,499,499,499,499,499,499,499,499,499,499,499,499,499,499,499,499,499,499,499,499,499,499,499,499,499,499,499,499,499,499,499,499,499,499,499,499,499,499,499,499"
"82,97,114,33,26,7,1,0,243,225,130,235,11,1,5,7,0,6,1,1,128,128,128,0,152,79,87,145,33,2,3,11,166,253,31,167,237,193,130,16,92,135,147,15,179,246,22,44,127,188,36,0,255,74,104,24,234,170,179,1,219,1,195,58,163,54,68,66,167,231,144,194,70,86,64,255,499,499,499,499,499,499,499,499,499,499,499,499,499,499,499,499,499,499,499,499,499,499,499,499,499,499,499,499,499,499,499,499,499,499,499,499,499,499,499,499,499,499,499,499,499,499,499,499,499,499,499,499,499,499,499,499,499,499,499,499,499,499,499,499,499,499,499,499,499,499,499,499,499,499,499,499,499,499,499,499,499,499,499,499,499,499,499,499,499,499,499,499,499,499,499,499,499,499,499,499,499,499,499,499,499,499,499,499,499,499,499,499,499,499,499,499,499,499,499,499,499,499,499,499,499,499,499,499,499,499,499,499,499,499,499,499,499,499,499,499,499,499,499,499,499,499,499,499,499,499,499,499,499,499,499,499,499,499,499,499,499,499,499,499,499,499,499,499,499,499,499,499,499,499,499,499,499,499,499,499","0,1,63,11,14,499,499,499,499,499,499,499,499,499,499,499,499,499,499,499,499,499,499,499,499,499,499,499,499,499,499,499,499,499,499,499,499,499,499,499,499,499,499,499,499,499,499,499,499,499,499,499,499,499,499,499,499,499,499,499,499,499,499,499,499,499,499,499,499,499,499,499,499,499,499,499,499,499,499,499,499,499,499,499,499,499,499,499,499,499,499,499,499,499,499,499,499,499,499"
"109,97,114,1,26,7,1,0,166,1,4,204,2,32,17,224,220,2,128,3,0,5,49,46,116,6,246,217,1,195,58,163,54,249,120,116,10,3,2,188,25,165,68,66,51,246,96,83,167,231,144,194,70,113,64,217,1,195,58,163,54,68,66,51,246,96,83,7,1,0,243,225,130,235,100,193,156,119,120,238,84,187,249,75,86,121,252,178,119,120,238,84,187,249,75,86,121,252,178,136,202,42,239,231,150,56,153,237,23,157,114,125,79,39,124,46,40,234,146,244,117,56,151,70,176,113,73,28,116,138,29,57,31,32,167,182,74,70,22,143,131,73,82,97,114,33,26,7,1,0,243,225,130,235,11,1,5,7,0,6,1,1,128,128,128,0,152,79,87,145,33,2,3,11,166,1,4,204,2,32,17,224,220,2,128,3,0,5,49,46,116,120,116,10,3,2,196,25,165,249,200,246,217,1,195,58,163,54,68,66,51,246,96,83,167,231,144,194,70,113,231,144,194,70,113,64,74,67,143,195,99,138,65,166,218,24,250,253,114,45,64,74,67,128,195,499,499,499,499,499,499,499,499,499,499,499","0,1,226,1,228,3,228,3,244,7,233,12,240,499,499,499,499,499,499,499,499,499,499,499,499,499,499,499,499,499,499,499,499,499,499,499,499,499,499,499,499,499,499,499,499,499,499,499,499,499,499,499,499,499,499,499,499,499,499,499,499,499,499,499,499,499,499,499,499,499,499,499,499,499,499,499,499,499,499,499,499,499,499,499,499,499,499,499,499,499,499,499,499,499,499,499,499,499,499"
"82,97,114,33,26,7,1,0,243,225,130,235,11,1,5,7,0,6,1,1,128,128,128,0,152,79,87,145,33,2,128,0,0,0,2,128,3,0,5,49,46,116,120,116,10,3,2,196,25,165,249,6,246,217,1,195,58,163,54,68,66,51,246,96,83,167,231,144,0,0,0,128,499,499,499,499,499,499,499,499,499,499,499,499,499,499,499,499,499,499,499,499,499,499,499,499,499,499,499,499,499,499,499,499,499,499,499,499,499,499,499,499,499,499,499,499,499,499,499,499,499,499,499,499,499,499,499,499,499,499,499,499,499,499,499,499,499,499,499,499,499,499,499,499,499,499,499,499,499,499,499,499,499,499,499,499,499,499,499,499,499,499,499,499,499,499,499,499,499,499,499,499,499,499,499,499,499,499,499,499,499,499,499,499,499,499,499,499,499,499,499,499,499,499,499,499,499,499,499,499,499,499,499,499,499,499,499,499,499,499,499,499,499,499,499,499,499,499,499,499,499,499,499,499,499,499,499,499,499,499,499,499,499,499,499,499,499,499,499,499,499,499,499,499,499,499,499,499,499,499,499,499,499,499,499,499","0,1,35,499,499,499,499,499,499,499,499,499,499,499,499,499,499,499,499,499,499,499,499,499,499,499,499,499,499,499,499,499,499,499,499,499,499,499,499,499,499,499,499,499,499,499,499,499,499,499,499,499,499,499,499,499,499,499,499,499,499,499,499,499,499,499,499,499,499,499,499,499,499,499,499,499,499,499,499,499,499,499,499,499,499,499,499,499,499,499,499,499,499,499,499,499,499,499,499"
"82,97,114,33,26,7,1,0,243,225,130,235,11,1,5,7,0,6,1,1,128,128,128,0,152,79,87,145,33,2,3,11,156,1,4,204,2,32,17,224,220,2,128,3,0,5,49,46,116,120,116,10,3,2,196,25,165,249,6,246,217,1,195,58,163,54,68,66,51,246,96,83,167,231,144,194,70,113,64,74,67,143,195,99,138,65,145,218,24,250,253,114,45,116,36,163,197,197,197,197,197,197,197,197,197,197,197,197,197,197,197,197,197,197,231,150,56,153,237,23,157,114,125,79,39,124,46,40,234,146,244,117,56,151,70,176,113,73,28,116,138,29,57,65,32,167,182,74,70,22,143,131,73,135,152,30,123,126,93,206,152,206,123,183,11,197,54,254,110,172,154,9,130,31,171,188,71,187,109,0,33,190,163,48,149,39,163,80,133,80,130,42,253,31,167,237,193,130,16,92,135,147,15,179,246,22,44,127,188,36,90,106,74,104,24,234,170,179,1,219,6,113,114,173,50,155,6,240,29,119,86,81,499,499,499,499,499,499,499,499,499,499,499,499,499,499,499,499,499,499,499,499,499,499,499,499","0,1,37,1,82,4,88,5,89,10,218,12,214,12,215,12,223,499,499,499,499,499,499,499,499,499,499,499,499,499,499,499,499,499,499,499,499,499,499,499,499,499,499,499,499,499,499,499,499,499,499,499,499,499,499,499,499,499,499,499,499,499,499,499,499,499,499,499,499,499,499,499,499,499,499,499,499,499,499,499,499,499,499,499,499,499,499,499,499,499,499,499,499,499,499,499,499,499,499"
"82,97,114,33,26,7,1,0,243,225,130,235,11,1,5,7,0,6,1,1,128,128,128,0,152,79,87,145,33,2,3,11,166,1,4,204,2,32,17,224,220,2,128,3,0,5,49,46,116,120,116,10,3,2,196,25,165,249,6,246,217,1,195,58,163,54,68,66,51,246,96,83,167,231,144,194,70,113,64,74,67,143,195,99,138,65,156,119,120,238,82,97,114,33,26,7,1,0,243,225,130,235,11,1,5,7,0,6,1,1,128,128,87,145,33,2,196,25,165,249,6,246,217,1,195,58,163,54,68,66,51,246,96,83,167,231,144,194,70,113,64,74,67,143,195,99,138,65,166,218,24,250,253,114,45,116,36,163,100,193,156,119,120,238,84,187,249,75,86,121,252,178,136,202,42,239,231,150,56,153,237,23,157,114,125,79,39,124,46,40,234,146,244,117,56,151,499,499,499,499,499,499,499,499,499,499,499,499,499,499,499,499,499,499,499,499,499,499,499,499,499,499,499,499,499,499,499,499,499,499,499,499,499,499,499,499,499,499,499,499,499,499,499,499,499,499,499,499,499,499,499,499,499,499,499,499","0,7,89,499,499,499,499,499,499,499,499,499,499,499,499,499,499,499,499,499,499,499,499,499,499,499,499,499,499,499,499,499,499,499,499,499,499,499,499,499,499,499,499,499,499,499,499,499,499,499,499,499,499,499,499,499,499,499,499,499,499,499,499,499,499,499,499,499,499,499,499,499,499,499,499,499,499,499,499,499,499,499,499,499,499,499,499,499,499,499,499,499,499,499,499,499,499,499,499"
"82,97,114,33,26,7,1,0,243,225,130,235,11,1,5,7,0,6,1,1,128,128,128,0,152,79,87,145,33,2,3,11,166,1,4,204,2,32,17,224,220,2,128,3,0,5,49,46,116,120,116,10,3,2,196,25,165,249,6,246,217,1,195,58,163,255,255,66,51,246,96,83,167,231,144,194,70,113,64,74,67,143,195,99,138,65,145,218,24,250,253,114,45,116,36,163,197,197,197,197,197,197,197,197,197,197,197,197,197,197,197,197,197,197,231,150,56,153,237,23,157,114,125,79,39,124,46,40,234,146,244,117,56,151,70,176,113,73,28,116,138,29,57,65,32,167,182,74,70,22,143,131,73,135,152,30,123,126,93,206,152,206,123,183,11,197,54,254,110,172,154,9,130,31,171,188,71,187,109,0,33,190,163,48,149,39,163,80,133,80,130,42,253,31,167,237,193,130,16,92,135,147,15,179,246,22,44,127,188,36,90,106,74,104,24,234,170,179,1,219,6,113,114,173,50,155,6,240,29,119,86,81,3,5,4,0,499,499,499,499,499,499,499,499,499,499,499,499,499,499,499,499,499,499,499,499","0,2,66,3,66,11,67,499,499,499,499,499,499,499,499,499,499,499,499,499,499,499,499,499,499,499,499,499,499,499,499,499,499,499,499,499,499,499,499,499,499,499,499,499,499,499,499,499,499,499,499,499,499,499,499,499,499,499,499,499,499,499,499,499,499,499,499,499,499,499,499,499,499,499,499,499,499,499,499,499,499,499,499,499,499,499,499,499,499,499,499,499,499,499,499,499,499,499,499"
"82,97,114,33,26,7,1,0,243,225,130,235,11,1,5,7,0,6,1,1,116,128,128,0,152,79,87,145,33,2,3,11,166,1,4,204,2,32,17,224,220,2,128,3,0,5,49,47,116,120,116,10,3,2,196,25,165,249,6,246,217,1,195,58,163,54,68,68,68,68,68,68,68,68,68,68,68,68,68,68,68,68,68,68,68,68,68,68,68,68,68,68,68,68,68,68,68,66,51,0,127,1,1,128,128,128,0,152,79,87,145,33,2,3,11,166,1,4,204,2,32,114,45,116,36,163,197,193,116,10,3,2,156,119,120,238,84,187,249,75,86,121,252,178,136,202,42,239,231,150,56,153,237,23,157,114,125,79,39,124,46,40,234,146,244,117,56,151,70,176,3,0,5,49,46,116,120,116,10,3,2,196,25,165,249,6,246,217,1,195,58,113,73,28,116,138,29,57,65,32,167,182,74,70,22,143,131,73,82,97,114,33,26,7,1,0,243,225,130,235,11,1,5,7,0,6,1,1,128,128,128,0,152,79,87,145,33,2,3,11,499,499,499,499,499,499,499,499,499,499,499,499,499,499,499,499","0,12,66,499,499,499,499,499,499,499,499,499,499,499,499,499,499,499,499,499,499,499,499,499,499,499,499,499,499,499,499,499,499,499,499,499,499,499,499,499,499,499,499,499,499,499,499,499,499,499,499,499,499,499,499,499,499,499,499,499,499,499,499,499,499,499,499,499,499,499,499,499,499,499,499,499,499,499,499,499,499,499,499,499,499,499,499,499,499,499,499,499,499,499,499,499,499,499,499"
"82,97,114,33,26,7,1,0,243,225,130,235,11,1,5,7,0,6,1,1,128,128,128,0,152,79,87,145,33,2,3,11,204,2,32,17,224,220,2,128,5,49,46,116,120,116,74,3,2,196,25,74,67,6,246,217,1,189,58,163,54,167,182,74,163,54,68,66,167,231,144,194,70,86,64,255,499,499,499,499,499,499,499,499,499,499,499,499,499,499,499,499,499,499,499,499,499,499,499,499,499,499,499,499,499,499,499,499,499,499,499,499,499,499,499,499,499,499,499,499,499,499,499,499,499,499,499,499,499,499,499,499,499,499,499,499,499,499,499,499,499,499,499,499,499,499,499,499,499,499,499,499,499,499,499,499,499,499,499,499,499,499,499,499,499,499,499,499,499,499,499,499,499,499,499,499,499,499,499,499,499,499,499,499,499,499,499,499,499,499,499,499,499,499,499,499,499,499,499,499,499,499,499,499,499,499,499,499,499,499,499,499,499,499,499,499,499,499,499,499,499,499,499,499,499,499,499,499,499,499,499,499,499,499,499,499,499,499,499,499,499,499,499,499,499,499,499,499,499,499,499,499,499,499,499,499","0,1,41,499,499,499,499,499,499,499,499,499,499,499,499,499,499,499,499,499,499,499,499,499,499,499,499,499,499,499,499,499,499,499,499,499,499,499,499,499,499,499,499,499,499,499,499,499,499,499,499,499,499,499,499,499,499,499,499,499,499,499,499,499,499,499,499,499,499,499,499,499,499,499,499,499,499,499,499,499,499,499,499,499,499,499,499,499,499,499,499,499,499,499,499,499,499,499,499"
"82,97,114,33,26,7,1,0,243,225,130,235,11,1,5,7,0,6,1,1,128,128,128,0,152,79,87,145,33,2,36,11,166,1,4,204,2,32,17,224,220,2,128,3,0,5,49,46,116,120,116,10,3,2,196,25,165,249,6,246,217,1,195,58,163,54,68,66,51,246,96,83,167,231,144,194,70,86,64,74,67,143,195,99,138,65,145,218,24,250,253,114,45,116,36,163,197,197,197,197,197,197,197,197,197,197,197,197,197,197,197,197,127,255,231,150,56,153,237,23,157,114,125,79,39,124,46,40,234,146,244,117,56,151,70,176,113,73,28,116,138,29,57,65,32,167,182,74,70,22,143,131,73,135,152,30,123,126,93,206,152,206,123,183,11,197,54,254,110,172,154,9,130,31,171,188,71,187,109,0,33,190,163,48,149,39,163,80,133,80,130,42,253,31,167,237,193,130,239,92,135,147,166,1,4,204,2,32,17,224,220,2,128,3,0,5,49,46,116,120,116,10,3,2,196,155,6,240,29,119,86,81,5,255,255,5,499,499,499,499,499,499,499,499,499,499,499,499,499,499,499,499,499,499,499,499","0,2,32,11,14,12,13,499,499,499,499,499,499,499,499,499,499,499,499,499,499,499,499,499,499,499,499,499,499,499,499,499,499,499,499,499,499,499,499,499,499,499,499,499,499,499,499,499,499,499,499,499,499,499,499,499,499,499,499,499,499,499,499,499,499,499,499,499,499,499,499,499,499,499,499,499,499,499,499,499,499,499,499,499,499,499,499,499,499,499,499,499,499,499,499,499,499,499,499"
"82,97,114,33,26,7,1,0,243,225,130,235,11,1,5,7,0,6,1,1,128,128,128,0,152,79,87,145,33,2,3,11,166,1,4,204,2,32,17,224,220,2,128,3,0,5,49,46,116,120,116,10,3,2,196,25,165,249,6,246,217,1,195,58,163,54,2,196,25,165,249,6,167,231,144,194,70,113,64,74,197,193,156,119,120,238,84,187,249,75,86,121,252,178,136,202,42,239,231,150,56,153,237,23,157,114,125,79,39,124,46,40,234,146,244,117,56,151,70,176,113,73,28,116,138,29,57,65,32,167,182,74,70,22,143,131,64,82,97,114,28,26,7,1,0,243,225,130,235,100,193,156,119,120,238,84,187,249,75,86,121,252,178,136,202,42,239,231,150,56,153,237,23,157,250,253,114,220,2,128,3,0,5,49,128,116,120,116,10,3,2,196,25,165,249,6,246,217,1,195,58,163,54,68,66,51,246,96,83,167,231,144,194,70,113,231,144,194,70,113,64,74,67,143,195,99,138,65,166,218,24,250,253,114,45,64,499,499,499,499,499,499,499,499,499,499,499,499,499,499,499,499,499,499,499,499","0,11,70,499,499,499,499,499,499,499,499,499,499,499,499,499,499,499,499,499,499,499,499,499,499,499,499,499,499,499,499,499,499,499,499,499,499,499,499,499,499,499,499,499,499,499,499,499,499,499,499,499,499,499,499,499,499,499,499,499,499,499,499,499,499,499,499,499,499,499,499,499,499,499,499,499,499,499,499,499,499,499,499,499,499,499,499,499,499,499,499,499,499,499,499,499,499,499,499"
"82,97,114,33,26,7,1,0,243,225,130,235,11,1,5,7,0,6,1,1,128,128,128,0,152,79,87,145,33,2,3,11,166,1,4,204,2,32,17,224,220,2,128,3,0,5,49,46,116,120,116,10,3,2,196,25,165,249,6,246,217,1,195,58,163,254,31,66,51,246,96,83,167,231,144,194,70,113,64,74,67,143,195,99,138,65,145,218,24,250,253,114,45,116,36,163,197,197,197,197,197,197,197,197,197,197,197,197,197,197,197,197,197,197,231,150,56,153,237,23,157,114,125,79,39,124,46,40,234,146,244,117,56,151,70,176,113,73,28,116,138,29,57,65,32,167,182,74,70,22,143,131,73,135,152,30,123,126,93,206,152,206,123,183,11,197,54,254,110,172,154,9,130,31,171,188,71,187,109,0,33,190,163,48,149,39,163,80,133,80,130,42,253,31,167,237,193,130,16,92,135,147,15,179,246,22,44,127,188,36,90,106,74,104,24,234,170,179,1,219,6,113,114,173,50,155,6,240,29,119,86,81,3,5,4,0,499,499,499,499,499,499,499,499,499,499,499,499,499,499,499,499,499,499,499,499","0,7,66,499,499,499,499,499,499,499,499,499,499,499,499,499,499,499,499,499,499,499,499,499,499,499,499,499,499,499,499,499,499,499,499,499,499,499,499,499,499,499,499,499,499,499,499,499,499,499,499,499,499,499,499,499,499,499,499,499,499,499,499,499,499,499,499,499,499,499,499,499,499,499,499,499,499,499,499,499,499,499,499,499,499,499,499,499,499,499,499,499,499,499,499,499,499,499,499"
"82,97,114,33,26,7,1,0,243,225,133,235,11,15,5,7,0,6,1,1,128,128,128,0,152,79,87,145,33,2,3,11,166,1,4,204,2,32,17,224,220,2,128,3,0,5,49,46,116,120,116,10,3,2,196,26,165,249,6,246,217,1,195,58,163,54,68,66,51,246,96,83,167,231,144,194,70,113,64,74,67,143,195,99,138,65,166,218,24,250,253,114,45,116,36,163,197,193,156,119,120,238,84,187,249,75,86,121,252,178,136,202,42,239,231,150,56,153,237,23,157,114,125,79,39,124,46,40,234,146,244,117,56,151,70,176,113,73,28,116,138,29,57,65,32,167,182,7,70,22,174,131,73,135,152,30,123,126,93,206,152,206,123,183,11,197,54,254,110,172,154,246,22,44,3,11,166,1,4,204,2,127,188,36,90,82,97,114,33,26,74,1,499,499,499,499,499,499,499,499,499,499,499,499,499,499,499,499,499,499,499,499,499,499,499,499,499,499,499,499,499,499,499,499,499,499,499,499,499,499,499,499,499,499,499,499,499,499,499,499,499,499,499,499,499,499,499,499,499,499,499,499,499,499,499,499","0,1,123,2,36,5,112,5,165,499,499,499,499,499,499,499,499,499,499,499,499,499,499,499,499,499,499,499,499,499,499,499,499,499,499,499,499,499,499,499,499,499,499,499,499,499,499,499,499,499,499,499,499,499,499,499,499,499,499,499,499,499,499,499,499,499,499,499,499,499,499,499,499,499,499,499,499,499,499,499,499,499,499,499,499,499,499,499,499,499,499,499,499,499,499,499,499,499,499"
"82,97,114,33,26,7,1,0,243,225,130,235,11,1,5,7,0,6,1,1,128,128,128,0,152,79,87,145,33,2,3,11,166,1,4,204,2,32,17,224,220,2,128,3,0,5,77,46,116,120,116,10,3,237,196,25,165,249,6,246,217,82,195,58,163,97,114,499,499,499,499,499,499,499,499,499,499,499,499,499,499,499,499,499,499,499,499,499,499,499,499,499,499,499,499,499,499,499,499,499,499,499,499,499,499,499,499,499,499,499,499,499,499,499,499,499,499,499,499,499,499,499,499,499,499,499,499,499,499,499,499,499,499,499,499,499,499,499,499,499,499,499,499,499,499,499,499,499,499,499,499,499,499,499,499,499,499,499,499,499,499,499,499,499,499,499,499,499,499,499,499,499,499,499,499,499,499,499,499,499,499,499,499,499,499,499,499,499,499,499,499,499,499,499,499,499,499,499,499,499,499,499,499,499,499,499,499,499,499,499,499,499,499,499,499,499,499,499,499,499,499,499,499,499,499,499,499,499,499,499,499,499,499,499,499,499,499,499,499,499,499,499,499,499,499,499,499,499,499,499,499,499,499,499,499,499","0,7,63,499,499,499,499,499,499,499,499,499,499,499,499,499,499,499,499,499,499,499,499,499,499,499,499,499,499,499,499,499,499,499,499,499,499,499,499,499,499,499,499,499,499,499,499,499,499,499,499,499,499,499,499,499,499,499,499,499,499,499,499,499,499,499,499,499,499,499,499,499,499,499,499,499,499,499,499,499,499,499,499,499,499,499,499,499,499,499,499,499,499,499,499,499,499,499,499"
"82,97,114,33,26,7,1,0,243,225,130,235,11,1,5,7,0,5,49,46,116,128,128,0,152,79,87,145,33,2,3,11,166,1,4,204,2,32,17,224,220,2,128,3,0,6,1,1,128,120,116,10,3,2,196,25,165,249,6,246,217,1,195,58,163,54,68,66,51,246,96,83,167,231,144,194,70,113,64,74,67,143,195,99,138,65,166,218,24,250,253,114,45,116,36,163,197,193,156,119,120,238,84,187,249,5,255,255,5,178,136,202,138,29,57,65,32,167,182,74,70,22,143,131,123,63,93,206,152,206,123,232,3,0,0,254,110,58,58,58,58,58,58,58,58,58,58,58,58,58,58,58,58,58,58,58,58,58,58,58,58,58,58,58,58,58,172,154,9,130,31,171,92,135,147,54,254,110,172,154,9,130,4,90,82,97,114,33,26,7,1,0,243,225,130,499,499,499,499,499,499,499,499,499,499,499,499,499,499,499,499,499,499,499,499,499,499,499,499,499,499,499,499,499,499,499,499,499,499,499,499,499,499,499,499,499,499,499,499,499,499,499,499,499,499,499,499,499,499,499,499,499,499,499,499,499","0,1,126,1,143,12,84,499,499,499,499,499,499,499,499,499,499,499,499,499,499,499,499,499,499,499,499,499,499,499,499,499,499,499,499,499,499,499,499,499,499,499,499,499,499,499,499,499,499,499,499,499,499,499,499,499,499,499,499,499,499,499,499,499,499,499,499,499,499,499,499,499,499,499,499,499,499,499,499,499,499,499,499,499,499,499,499,499,499,499,499,499,499,499,499,499,499,499,499"
"82,97,114,33,26,7,1,0,243,225,130,235,11,1,5,7,0,6,1,1,46,116,120,116,10,3,1,0,33,2,3,11,166,1,4,204,32,32,17,224,220,2,128,3,0,5,49,46,116,120,116,10,3,2,238,238,238,238,238,238,238,1,195,58,163,54,68,66,51,246,96,83,167,231,144,194,70,113,64,74,67,151,195,255,255,65,166,218,24,250,253,114,45,116,36,163,197,193,151,151,151,151,151,151,255,255,255,255,119,120,238,84,187,249,75,1,121,252,178,136,220,2,128,3,0,5,49,128,128,128,0,152,79,87,145,33,190,163,48,149,39,163,80,133,80,130,42,253,31,167,237,193,130,16,92,135,147,243,225,130,235,11,0,0,0,127,6,1,1,128,128,128,0,152,79,87,145,33,2,3,11,166,1,4,204,2,32,32,32,32,32,32,32,32,32,32,32,32,32,32,32,32,32,32,32,32,32,1,4,204,2,54,17,224,74,67,143,195,99,138,220,2,128,3,0,32,32,32,32,32,32,32,32,167,182,74,70,22,83,167,499,499,499,499,499,499,499,499,499,499,499,499,499,499,499,499","0,1,31,7,46,7,81,12,33,12,68,499,499,499,499,499,499,499,499,499,499,499,499,499,499,499,499,499,499,499,499,499,499,499,499,499,499,499,499,499,499,499,499,499,499,499,499,499,499,499,499,499,499,499,499,499,499,499,499,499,499,499,499,499,499,499,499,499,499,499,499,499,499,499,499,499,499,499,499,499,499,499,499,499,499,499,499,499,499,499,499,499,499,499,499,499,499,499,499"
"82,97,114,33,26,7,1,0,243,225,130,235,11,1,5,7,0,6,1,1,128,128,128,0,152,79,87,145,33,2,3,11,156,1,4,204,2,32,17,224,220,2,128,3,0,5,49,46,116,120,116,10,3,2,196,25,165,249,6,246,217,1,195,58,163,54,68,66,51,246,96,83,167,231,144,194,70,113,64,74,67,143,195,99,138,65,145,218,24,250,253,114,45,116,36,163,197,197,197,197,197,197,197,197,197,197,197,197,197,197,197,197,197,197,231,150,56,153,237,23,157,114,125,79,39,124,46,40,234,146,244,117,56,151,70,176,113,73,28,116,138,29,57,65,32,167,182,74,70,22,143,131,73,135,152,30,123,126,93,206,152,206,123,183,11,197,54,254,110,172,154,9,130,31,171,188,71,187,109,0,33,190,163,48,149,39,163,80,133,80,130,42,253,31,167,237,193,130,16,92,135,147,15,179,246,22,44,127,188,36,90,106,74,104,24,234,170,179,1,219,6,113,0,2,0,0,6,240,29,119,86,81,499,499,499,499,499,499,499,499,499,499,499,499,499,499,499,499,499,499,499,499,499,499,499,499","0,1,37,2,37,11,36,11,228,499,499,499,499,499,499,499,499,499,499,499,499,499,499,499,499,499,499,499,499,499,499,499,499,499,499,499,499,499,499,499,499,499,499,499,499,499,499,499,499,499,499,499,499,499,499,499,499,499,499,499,499,499,499,499,499,499,499,499,499,499,499,499,499,499,499,499,499,499,499,499,499,499,499,499,499,499,499,499,499,499,499,499,499,499,499,499,499,499,499"
"82,97,114,33,26,7,1,0,243,225,130,235,11,1,5,7,0,6,1,1,128,128,128,0,152,79,87,145,33,2,3,11,166,1,4,204,2,32,17,224,220,2,128,3,0,5,49,46,116,120,116,10,3,2,196,25,165,249,6,246,217,1,195,58,163,54,68,66,51,240,96,83,167,231,144,194,70,113,64,74,67,143,195,99,138,65,145,218,24,250,253,114,45,116,36,163,197,197,197,197,197,197,197,197,197,197,197,197,197,197,197,197,197,197,231,150,56,153,237,23,157,114,125,79,39,124,46,40,234,146,244,117,56,151,70,176,113,73,28,116,138,29,57,65,32,167,182,74,70,22,143,131,73,135,152,30,123,126,93,206,152,206,123,183,11,197,54,254,110,172,154,9,130,31,171,188,71,187,109,0,33,190,163,48,149,39,163,80,133,80,130,42,253,31,167,237,193,130,16,92,135,147,15,179,246,22,44,127,188,36,90,106,74,104,24,234,170,179,1,219,6,113,114,173,50,155,6,240,29,119,86,81,3,5,4,0,499,499,499,499,499,499,499,499,499,499,499,499,499,499,499,499,499,499,499,499","0,1,72,2,75,499,499,499,499,499,499,499,499,499,499,499,499,499,499,499,499,499,499,499,499,499,499,499,499,499,499,499,499,499,499,499,499,499,499,499,499,499,499,499,499,499,499,499,499,499,499,499,499,499,499,499,499,499,499,499,499,499,499,499,499,499,499,499,499,499,499,499,499,499,499,499,499,499,499,499,499,499,499,499,499,499,499,499,499,499,499,499,499,499,499,499,499,499,499"
"82,97,114,33,26,7,1,0,244,225,130,235,11,1,5,7,0,6,1,1,128,128,128,0,152,79,87,145,33,2,3,11,166,1,4,204,2,32,17,224,220,2,128,3,0,5,49,46,116,120,116,10,3,2,196,25,165,249,6,246,217,1,195,58,163,54,68,66,51,246,96,83,167,231,144,197,54,254,110,172,154,9,195,99,138,65,166,218,24,250,253,114,45,116,36,163,197,193,156,119,120,238,84,187,249,75,86,121,252,178,136,202,42,239,231,150,56,153,237,23,157,114,125,79,39,124,46,40,234,146,244,117,56,151,70,176,113,73,28,116,138,29,57,65,32,167,182,74,70,22,143,131,73,135,152,30,123,126,93,206,152,206,123,183,11,194,70,113,64,74,67,143,130,31,171,188,71,187,109,0,33,190,163,48,149,39,163,80,133,80,130,42,253,31,167,237,193,130,16,92,135,147,15,179,246,22,44,127,188,36,90,106,74,104,24,234,170,179,1,219,6,113,114,173,50,155,6,240,29,119,86,81,3,5,4,0,499,499,499,499,499,499,499,499,499,499,499,499,499,499,499,499,499,499,499,499","0,1,85,1,92,3,97,11,99,12,95,12,96,12,98,499,499,499,499,499,499,499,499,499,499,499,499,499,499,499,499,499,499,499,499,499,499,499,499,499,499,499,499,499,499,499,499,499,499,499,499,499,499,499,499,499,499,499,499,499,499,499,499,499,499,499,499,499,499,499,499,499,499,499,499,499,499,499,499,499,499,499,499,499,499,499,499,499,499,499,499,499,499,499,499,499,499,499,499"
"82,97,114,33,26,7,1,0,244,225,130,235,11,1,5,7,0,6,1,1,128,128,128,0,152,79,87,145,33,2,3,11,166,1,4,204,2,32,17,224,220,2,128,3,0,5,49,46,116,120,116,10,3,2,196,25,165,249,6,246,217,1,195,58,163,54,68,66,51,246,96,83,167,231,144,197,54,254,110,172,154,9,195,99,138,65,166,218,24,250,253,114,45,116,36,163,197,193,0,0,120,238,84,187,249,75,86,121,252,178,136,202,42,239,231,150,56,153,237,23,157,114,125,79,39,124,46,40,234,146,244,117,56,151,70,176,113,73,28,116,138,29,57,65,32,167,182,74,70,22,143,131,73,135,152,30,123,126,93,206,152,206,123,183,11,194,70,113,64,74,67,143,130,31,171,188,71,187,109,0,33,190,163,48,149,39,163,80,133,80,130,42,253,31,167,237,193,130,16,92,135,147,15,179,246,22,44,127,188,36,90,106,74,104,24,234,170,179,1,219,6,113,114,173,50,155,6,240,29,119,86,81,3,5,4,0,499,499,499,499,499,499,499,499,499,499,499,499,499,499,499,499,499,499,499,499","0,10,103,11,102,11,103,12,100,12,101,13,101,499,499,499,499,499,499,499,499,499,499,499,499,499,499,499,499,499,499,499,499,499,499,499,499,499,499,499,499,499,499,499,499,499,499,499,499,499,499,499,499,499,499,499,499,499,499,499,499,499,499,499,499,499,499,499,499,499,499,499,499,499,499,499,499,499,499,499,499,499,499,499,499,499,499,499,499,499,499,499,499,499,499,499,499,499,499"
"82,97,114,33,26,7,1,0,243,225,130,235,11,1,5,7,0,6,1,1,128,128,128,0,152,79,87,145,33,2,3,11,166,1,4,204,18,32,17,224,121,2,128,3,0,5,49,46,116,120,117,10,3,2,196,25,165,249,6,246,217,1,195,58,163,54,68,66,51,246,96,83,167,231,144,194,70,113,64,74,67,143,195,99,138,65,166,218,24,250,253,114,45,116,36,163,197,193,156,119,120,238,84,187,249,75,86,121,252,178,136,202,42,239,231,150,56,153,237,23,157,114,125,79,39,124,46,40,234,146,244,117,56,151,70,176,113,73,28,116,138,29,57,65,32,167,182,74,70,22,143,131,73,135,152,30,123,126,93,206,152,206,123,183,11,197,54,254,110,172,154,9,130,31,171,188,71,187,109,0,33,54,163,48,149,39,163,80,133,80,130,42,253,82,97,114,33,26,7,1,0,243,225,130,235,11,1,5,7,0,6,1,1,127,128,128,0,152,79,87,145,33,2,3,11,166,32,4,204,2,32,17,224,220,2,128,3,0,22,49,499,499,499,499,499,499,499,499,499,499,499,499,499,499,499,499","0,1,33,1,179,2,33,2,226,2,228,5,32,6,225,7,33,499,499,499,499,499,499,499,499,499,499,499,499,499,499,499,499,499,499,499,499,499,499,499,499,499,499,499,499,499,499,499,499,499,499,499,499,499,499,499,499,499,499,499,499,499,499,499,499,499,499,499,499,499,499,499,499,499,499,499,499,499,499,499,499,499,499,499,499,499,499,499,499,499,499,499,499,499,499,499,499,499,499"
"82,97,114,33,26,7,1,0,244,225,130,235,11,1,5,7,0,6,1,1,128,128,128,0,152,79,87,145,33,2,3,11,166,1,4,204,2,32,17,224,220,2,128,3,0,5,49,46,116,120,116,10,3,2,196,25,165,249,6,246,217,1,195,58,163,54,68,66,51,246,96,83,167,231,144,197,54,254,110,172,154,9,195,99,138,65,166,218,24,250,253,114,45,116,36,163,197,193,0,0,11,1,5,187,249,75,86,121,252,178,136,202,42,239,231,150,56,153,237,23,157,114,125,79,39,124,46,40,234,146,244,117,56,151,70,176,113,73,28,116,138,29,57,65,32,167,182,74,70,22,143,131,73,135,152,30,123,126,93,206,152,206,123,183,11,194,70,113,64,74,67,143,130,31,171,188,71,187,109,0,33,190,163,48,149,39,163,80,133,80,130,42,253,31,167,237,193,130,16,92,135,147,15,179,246,22,44,127,188,36,90,106,74,104,24,234,170,179,1,219,6,113,114,173,50,155,6,240,29,119,86,81,3,5,4,0,499,499,499,499,499,499,499,499,499,499,499,499,499,499,499,499,499,499,499,499","0,1,101,3,101,7,101,499,499,499,499,499,499,499,499,499,499,499,499,499,499,499,499,499,499,499,499,499,499,499,499,499,499,499,499,499,499,499,499,499,499,499,499,499,499,499,499,499,499,499,499,499,499,499,499,499,499,499,499,499,499,499,499,499,499,499,499,499,499,499,499,499,499,499,499,499,499,499,499,499,499,499,499,499,499,499,499,499,499,499,499,499,499,499,499,499,499,499,499"
"82,97,114,33,26,7,1,0,244,225,130,235,11,1,5,7,0,6,1,1,128,128,128,0,152,79,87,145,33,2,3,11,166,1,4,204,2,32,17,224,220,2,128,3,0,5,49,46,116,120,116,10,3,2,196,25,165,249,6,246,217,1,195,58,163,54,68,66,51,246,96,83,167,231,144,197,54,254,110,172,154,9,195,99,138,65,166,218,24,250,253,114,45,116,36,163,197,193,0,0,120,82,97,114,33,26,7,1,0,244,225,130,235,11,1,5,7,0,6,1,1,128,128,128,0,152,79,87,145,33,2,3,11,166,1,4,204,2,32,17,224,220,2,128,3,0,5,49,46,116,120,116,10,3,2,196,25,165,249,6,246,217,1,195,58,163,54,68,66,51,246,96,83,167,231,144,197,208,58,163,97,114,54,254,110,172,154,9,195,99,138,65,166,218,24,250,253,114,45,116,36,163,197,193,0,0,11,1,5,187,249,75,86,121,252,178,136,202,42,239,231,150,56,153,237,23,157,114,125,79,39,124,46,40,234,146,244,117,56,151,499,499,499,499,499,499,499,499,499,499,499,499,499,499,499,499","0,1,76,1,99,1,100,1,101,1,102,1,119,2,101,2,102,7,78,7,95,7,101,10,101,12,102,499,499,499,499,499,499,499,499,499,499,499,499,499,499,499,499,499,499,499,499,499,499,499,499,499,499,499,499,499,499,499,499,499,499,499,499,499,499,499,499,499,499,499,499,499,499,499,499,499,499,499,499,499,499,499,499,499,499,499,499,499,499,499,499,499,499,499,499,499,499,499,499"
"82,97,114,33,26,7,1,0,244,225,130,235,11,1,5,7,0,6,1,1,128,128,128,0,152,79,87,145,33,2,3,11,166,1,4,204,2,32,17,224,220,2,128,3,0,5,49,46,116,120,116,10,3,2,196,25,165,249,6,246,217,1,195,58,163,54,68,66,51,246,96,83,167,231,144,197,54,254,110,172,154,9,195,99,138,65,166,218,24,250,253,114,45,116,36,163,197,193,0,0,120,82,11,1,5,97,114,33,26,7,1,0,244,225,130,235,11,1,5,7,0,6,1,1,128,128,128,0,152,79,87,145,33,2,3,11,166,1,4,204,2,32,17,224,220,2,128,3,0,5,49,46,116,120,116,10,3,2,196,25,165,249,6,246,217,1,195,58,163,54,68,66,51,246,96,83,167,231,144,197,208,58,163,97,114,54,254,110,172,154,9,195,99,138,65,166,218,24,250,253,114,45,116,36,163,197,193,0,0,11,1,5,187,249,75,86,121,252,178,136,202,42,239,231,150,56,153,237,23,157,114,125,79,39,124,46,499,499,499,499,499,499,499,499,499,499,499,499,499,499,499,499,499,499,499,499","0,1,91,1,99,1,104,1,105,1,109,2,91,2,104,2,109,3,109,7,105,7,106,7,109,11,104,12,111,12,125,499,499,499,499,499,499,499,499,499,499,499,499,499,499,499,499,499,499,499,499,499,499,499,499,499,499,499,499,499,499,499,499,499,499,499,499,499,499,499,499,499,499,499,499,499,499,499,499,499,499,499,499,499,499,499,499,499,499,499,499,499,499,499,499,499,499,499,499"
"82,97,114,33,26,7,1,0,244,225,130,235,11,1,5,7,0,6,1,1,128,128,128,0,152,79,87,145,33,2,3,11,166,1,4,204,2,32,17,224,220,2,128,3,0,5,49,46,116,120,116,10,3,2,196,25,165,249,6,246,217,1,195,58,163,54,68,66,51,246,96,83,167,231,144,197,54,254,110,172,154,9,195,99,138,65,166,218,24,250,253,114,45,116,14,163,197,193,0,0,120,82,97,114,33,26,7,1,0,244,225,130,235,11,1,5,7,0,6,1,1,128,128,128,0,152,79,87,145,33,2,3,11,166,1,4,204,2,32,17,224,220,2,128,3,0,5,49,46,116,120,116,10,3,2,196,25,165,249,6,246,217,1,195,58,163,54,68,66,51,246,96,83,167,231,144,197,208,58,163,97,114,54,254,110,172,154,9,195,99,138,65,166,218,24,250,253,114,45,116,36,163,197,193,0,0,11,1,5,187,249,75,86,121,252,178,136,202,42,239,231,150,56,153,237,23,157,114,125,79,39,124,46,40,234,146,244,117,56,151,499,499,499,499,499,499,499,499,499,499,499,499,499,499,499,499","0,1,100,2,100,7,102,499,499,499,499,499,499,499,499,499,499,499,499,499,499,499,499,499,499,499,499,499,499,499,499,499,499,499,499,499,499,499,499,499,499,499,499,499,499,499,499,499,499,499,499,499,499,499,499,499,499,499,499,499,499,499,499,499,499,499,499,499,499,499,499,499,499,499,499,499,499,499,499,499,499,499,499,499,499,499,499,499,499,499,499,499,499,499,499,499,499,499,499"
"82,97,114,33,26,7,1,0,243,225,130,235,11,1,5,7,0,6,1,1,128,128,128,0,152,79,87,145,33,2,3,11,134,1,4,204,18,32,17,224,121,2,128,3,0,5,49,46,116,120,117,10,3,2,196,25,165,249,6,246,217,1,195,58,163,54,68,66,51,246,96,83,167,231,144,194,70,113,64,74,67,143,195,99,138,65,166,218,24,250,253,114,45,116,36,163,197,193,156,119,120,238,84,187,249,75,86,121,252,178,136,202,42,239,231,150,56,153,237,23,157,114,125,79,39,124,46,40,234,146,244,117,56,151,70,176,113,73,28,116,138,29,57,65,32,167,182,74,70,22,143,131,73,135,152,30,123,126,93,206,152,206,123,183,11,197,54,254,110,172,154,9,130,31,171,188,71,187,109,0,33,54,163,48,149,39,163,80,133,80,130,42,253,82,97,114,33,26,7,1,0,243,225,130,235,11,1,5,7,0,6,1,1,127,128,128,0,152,79,87,145,33,2,3,11,166,32,4,204,2,32,17,224,220,2,128,3,0,22,49,499,499,499,499,499,499,499,499,499,499,499,499,499,499,499,499","0,1,34,1,236,5,64,7,240,499,499,499,499,499,499,499,499,499,499,499,499,499,499,499,499,499,499,499,499,499,499,499,499,499,499,499,499,499,499,499,499,499,499,499,499,499,499,499,499,499,499,499,499,499,499,499,499,499,499,499,499,499,499,499,499,499,499,499,499,499,499,499,499,499,499,499,499,499,499,499,499,499,499,499,499,499,499,499,499,499,499,499,499,499,499,499,499,499,499"
"82,97,114,33,26,7,1,0,244,225,130,235,11,1,5,7,0,6,1,1,128,128,128,0,152,79,87,145,33,2,3,11,166,1,4,204,2,32,17,224,220,2,128,3,0,5,49,46,116,120,116,10,3,2,196,25,165,249,6,246,217,1,195,58,163,54,68,66,51,246,96,83,167,231,144,197,54,254,110,172,154,9,195,99,138,65,166,218,24,250,253,114,45,116,36,163,197,193,0,0,120,82,11,1,5,97,114,33,2,7,1,0,244,225,130,235,11,1,5,7,0,6,1,1,128,128,128,0,152,79,87,145,33,2,3,11,166,1,4,204,2,32,17,224,220,2,128,3,0,5,49,46,116,120,116,10,3,2,196,25,165,249,6,246,217,1,195,58,163,54,68,66,51,246,96,83,167,231,144,197,208,58,163,97,114,54,254,110,172,154,9,195,99,138,65,166,218,24,250,253,114,45,116,36,163,197,193,0,0,11,1,5,187,249,75,86,121,252,178,136,202,42,239,231,150,56,153,237,23,157,114,125,79,39,124,46,499,499,499,499,499,499,499,499,499,499,499,499,499,499,499,499,499,499,499,499","0,1,105,1,110,7,110,11,115,12,105,499,499,499,499,499,499,499,499,499,499,499,499,499,499,499,499,499,499,499,499,499,499,499,499,499,499,499,499,499,499,499,499,499,499,499,499,499,499,499,499,499,499,499,499,499,499,499,499,499,499,499,499,499,499,499,499,499,499,499,499,499,499,499,499,499,499,499,499,499,499,499,499,499,499,499,499,499,499,499,499,499,499,499,499,499,499,499,499"
"82,97,114,33,26,7,1,0,244,225,130,235,11,1,5,7,0,6,1,1,128,128,128,0,152,79,87,145,33,2,3,11,166,1,4,204,2,32,17,224,220,2,128,3,0,5,49,46,116,120,116,10,3,2,196,25,165,249,6,246,217,1,195,58,163,54,68,66,51,246,96,83,167,231,144,197,54,254,110,172,154,9,195,99,138,65,166,218,24,250,253,114,45,116,36,163,197,193,0,0,122,82,97,114,33,26,7,1,0,244,225,130,235,11,1,5,7,0,6,1,1,128,128,128,0,152,79,87,145,33,2,3,11,166,1,4,204,2,32,17,224,220,2,128,3,0,5,49,46,116,120,116,10,3,2,196,25,165,249,6,246,217,1,195,58,163,54,68,66,51,246,96,83,167,231,144,197,208,58,163,97,114,54,254,110,172,154,9,195,99,138,65,166,218,24,250,253,114,45,116,36,163,197,193,0,0,11,1,5,187,249,75,86,121,252,178,136,202,42,239,231,150,56,153,237,23,157,114,125,79,39,124,46,40,234,146,244,117,56,151,499,499,499,499,499,499,499,499,499,499,499,499,499,499,499,499","0,1,101,499,499,499,499,499,499,499,499,499,499,499,499,499,499,499,499,499,499,499,499,499,499,499,499,499,499,499,499,499,499,499,499,499,499,499,499,499,499,499,499,499,499,499,499,499,499,499,499,499,499,499,499,499,499,499,499,499,499,499,499,499,499,499,499,499,499,499,499,499,499,499,499,499,499,499,499,499,499,499,499,499,499,499,499,499,499,499,499,499,499,499,499,499,499,499,499"
"82,97,114,33,26,7,1,0,243,225,130,2,2,2,2,2,2,2,2,2,2,2,2,196,25,165,249,6,246,217,1,195,58,163,54,68,66,51,17,224,220,2,128,3,0,136,49,46,49,46,116,120,116,10,3,2,196,25,165,249,6,246,217,1,195,58,163,54,68,66,51,246,96,246,96,83,167,231,144,194,70,76,64,74,67,143,195,99,138,65,145,218,24,250,253,114,45,116,36,163,197,197,197,197,197,197,197,197,197,197,197,197,197,197,197,197,197,197,231,150,56,153,237,23,157,114,125,79,39,124,46,40,234,146,244,117,56,151,70,176,113,73,28,116,138,29,57,65,40,167,182,74,70,22,143,131,73,135,152,30,123,54,254,110,172,154,9,130,31,171,188,71,187,109,0,33,190,163,48,149,39,163,80,133,80,130,42,253,31,167,237,193,130,16,195,58,163,92,135,147,15,179,246,22,44,127,188,36,90,106,74,104,24,234,170,179,1,219,6,113,114,173,50,155,6,240,29,119,86,81,3,5,499,499,499,499,499,499,499,499,499,499,499,499,499,499,499,499,499,499,499,499,499,499,499,499","0,3,22,11,24,499,499,499,499,499,499,499,499,499,499,499,499,499,499,499,499,499,499,499,499,499,499,499,499,499,499,499,499,499,499,499,499,499,499,499,499,499,499,499,499,499,499,499,499,499,499,499,499,499,499,499,499,499,499,499,499,499,499,499,499,499,499,499,499,499,499,499,499,499,499,499,499,499,499,499,499,499,499,499,499,499,499,499,499,499,499,499,499,499,499,499,499,499,499"
"82,97,114,33,26,7,1,0,243,225,122,235,11,1,5,7,0,6,1,1,128,128,128,0,152,79,87,145,33,2,127,11,166,1,4,204,2,32,17,224,220,2,128,3,0,5,49,46,116,120,116,10,3,2,230,25,165,249,6,246,217,1,195,58,163,54,68,66,51,170,170,170,170,170,170,170,170,170,170,170,170,143,195,99,138,65,166,218,24,250,253,114,45,116,36,163,196,193,156,119,120,238,84,187,249,75,86,121,252,178,136,202,42,239,231,150,56,153,82,97,114,33,26,7,1,0,33,190,163,48,149,39,163,80,133,80,130,42,253,4,167,237,193,130,16,92,135,147,243,225,130,235,11,1,5,7,0,6,1,1,128,128,128,0,152,79,87,145,33,2,3,11,166,1,4,204,2,32,17,224,220,2,128,3,0,5,49,46,116,120,116,10,3,2,196,25,165,249,6,246,217,1,181,58,163,54,68,66,51,246,96,83,167,231,144,194,70,113,64,74,67,143,195,99,138,65,166,218,24,250,253,113,45,116,36,163,499,499,499,499,499,499,499,499,499,499,499,499,499,499,499,499,499,499,499,499","0,11,75,499,499,499,499,499,499,499,499,499,499,499,499,499,499,499,499,499,499,499,499,499,499,499,499,499,499,499,499,499,499,499,499,499,499,499,499,499,499,499,499,499,499,499,499,499,499,499,499,499,499,499,499,499,499,499,499,499,499,499,499,499,499,499,499,499,499,499,499,499,499,499,499,499,499,499,499,499,499,499,499,499,499,499,499,499,499,499,499,499,499,499,499,499,499,499,499"
"82,97,114,33,26,7,1,0,243,225,130,235,11,1,5,7,0,6,1,1,128,128,128,0,152,79,87,145,33,2,3,11,134,1,4,204,18,32,17,224,121,2,128,3,0,5,49,46,116,120,117,10,3,2,196,25,165,249,6,246,217,1,195,58,163,54,68,66,51,246,96,83,167,231,144,194,70,113,64,74,67,143,195,99,138,65,166,218,24,250,253,114,45,116,36,163,197,193,156,119,120,238,84,187,249,75,86,121,252,178,136,202,42,239,231,150,56,153,237,23,157,114,125,79,39,124,46,40,234,146,244,117,56,151,70,176,113,73,28,116,138,29,57,65,32,167,182,74,70,22,143,131,73,135,152,30,123,126,93,206,152,206,123,183,11,197,54,254,110,172,154,9,130,31,171,188,71,187,109,0,33,54,163,48,149,39,163,80,133,80,130,42,253,82,97,114,33,26,7,1,0,243,225,130,235,11,1,5,7,0,6,1,1,127,128,128,0,152,79,87,145,33,2,3,11,166,32,4,204,2,32,17,224,220,2,192,3,0,22,49,499,499,499,499,499,499,499,499,499,499,499,499,499,499,499,499","0,1,33,1,35,1,43,1,44,1,63,1,66,1,70,1,73,1,76,1,82,1,90,1,92,1,94,1,97,1,98,1,99,1,100,1,103,1,104,1,109,1,111,1,193,2,63,2,94,3,68,3,79,3,97,3,174,5,32,5,64,5,103,7,33,7,96,7,97,10,66,10,194,11,194,11,195,12,106,499,499,499,499,499,499,499,499,499,499,499,499,499,499,499,499,499,499,499,499"
"82,97,114,33,26,7,1,0,243,225,130,235,11,1,5,7,0,6,1,1,128,128,128,0,152,79,87,145,33,2,3,11,134,1,4,204,18,32,17,224,121,2,128,3,0,5,49,46,116,120,117,10,3,2,196,25,165,249,6,246,217,1,195,58,163,54,68,66,51,246,96,83,167,231,144,194,70,113,64,74,67,143,195,99,138,65,166,218,24,250,253,114,45,116,36,163,197,193,156,119,120,238,84,187,249,75,86,121,252,178,136,202,42,239,231,150,56,153,237,23,157,114,125,79,39,124,46,40,234,146,244,117,56,151,70,176,113,73,28,116,138,29,57,65,32,167,182,74,70,22,143,131,73,135,152,30,123,126,93,206,152,206,123,183,11,197,54,254,110,172,154,9,130,31,171,188,71,187,109,0,33,54,163,48,149,39,163,80,133,80,130,42,189,82,97,114,33,26,7,1,0,243,225,130,235,11,1,5,7,0,6,1,1,127,128,128,0,152,79,87,145,33,2,3,11,166,32,4,204,2,32,17,224,220,2,192,3,0,22,49,499,499,499,499,499,499,499,499,499,499,499,499,499,499,499,499","0,1,44,5,224,7,33,499,499,499,499,499,499,499,499,499,499,499,499,499,499,499,499,499,499,499,499,499,499,499,499,499,499,499,499,499,499,499,499,499,499,499,499,499,499,499,499,499,499,499,499,499,499,499,499,499,499,499,499,499,499,499,499,499,499,499,499,499,499,499,499,499,499,499,499,499,499,499,499,499,499,499,499,499,499,499,499,499,499,499,499,499,499,499,499,499,499,499,499"
"82,97,114,33,26,7,1,0,243,225,130,235,11,1,5,7,0,6,1,1,128,128,128,0,152,79,87,145,33,2,3,11,134,1,4,204,18,32,17,224,121,2,128,3,0,5,49,46,116,120,117,10,3,2,196,25,165,249,6,246,217,1,195,58,163,54,68,66,51,246,96,83,167,231,144,194,70,113,64,74,67,143,195,99,138,65,166,218,24,250,253,114,45,116,36,163,197,193,156,119,120,238,84,187,249,0,0,255,255,178,136,202,42,239,231,150,56,153,237,23,157,114,125,79,39,124,46,40,234,146,244,117,56,151,70,176,113,73,28,116,138,29,57,65,32,167,182,74,70,22,143,131,73,135,152,30,123,126,93,206,152,206,123,183,11,197,54,254,110,172,154,9,130,31,171,188,71,187,109,0,33,54,163,48,149,39,163,80,133,80,130,42,253,82,97,114,33,26,7,1,0,243,225,130,235,11,1,5,7,0,6,1,1,127,128,128,0,152,79,87,145,33,2,3,11,166,32,4,204,2,32,17,224,220,2,192,3,0,22,49,499,499,499,499,499,499,499,499,499,499,499,499,499,499,499,499","0,1,33,2,114,7,33,12,110,499,499,499,499,499,499,499,499,499,499,499,499,499,499,499,499,499,499,499,499,499,499,499,499,499,499,499,499,499,499,499,499,499,499,499,499,499,499,499,499,499,499,499,499,499,499,499,499,499,499,499,499,499,499,499,499,499,499,499,499,499,499,499,499,499,499,499,499,499,499,499,499,499,499,499,499,499,499,499,499,499,499,499,499,499,499,499,499,499,499"
"82,97,114,33,26,7,1,0,243,225,130,235,11,1,5,7,0,6,1,1,128,128,128,0,152,79,87,145,33,2,3,11,134,1,4,204,18,32,17,224,121,2,128,3,0,5,49,46,116,120,117,10,3,2,196,25,165,249,6,246,217,1,195,197,92,54,68,66,51,246,96,83,167,231,144,194,70,113,64,74,67,143,195,99,138,65,166,218,24,250,253,114,45,116,36,163,197,193,156,119,120,238,84,187,249,75,86,121,252,178,136,202,42,239,231,150,56,153,237,23,157,114,125,79,39,124,46,40,234,146,244,117,56,151,70,176,113,73,28,116,138,29,57,65,32,167,182,74,70,22,143,131,73,135,152,30,123,126,93,206,152,206,123,183,11,197,54,254,110,172,154,9,130,31,171,188,71,187,109,0,33,54,163,48,149,39,163,80,133,80,130,42,253,82,97,114,33,26,7,1,0,243,225,130,235,11,1,5,7,0,6,1,1,127,128,128,0,152,79,87,145,33,2,3,11,166,32,4,204,2,32,17,224,220,2,192,3,0,22,49,499,499,499,499,499,499,499,499,499,499,499,499,499,499,499,499","0,1,222,2,222,13,69,13,159,499,499,499,499,499,499,499,499,499,499,499,499,499,499,499,499,499,499,499,499,499,499,499,499,499,499,499,499,499,499,499,499,499,499,499,499,499,499,499,499,499,499,499,499,499,499,499,499,499,499,499,499,499,499,499,499,499,499,499,499,499,499,499,499,499,499,499,499,499,499,499,499,499,499,499,499,499,499,499,499,499,499,499,499,499,499,499,499,499,499"
"82,97,114,33,26,7,1,0,243,225,130,235,11,1,5,7,0,6,1,1,128,128,128,0,152,79,87,145,33,2,3,11,134,1,4,204,18,32,17,224,121,2,192,3,0,5,49,46,116,120,117,10,3,2,196,25,165,249,6,246,217,1,195,58,163,54,68,66,51,246,96,83,167,231,144,194,70,113,64,74,67,143,195,99,138,65,166,218,24,250,253,114,45,116,36,163,197,193,156,119,120,238,84,187,249,75,86,121,252,178,136,202,42,239,231,150,56,153,237,23,157,114,125,79,39,124,46,40,234,146,244,117,56,151,70,176,113,73,28,116,138,29,57,65,32,167,182,74,70,22,143,131,73,135,152,30,123,126,93,206,152,206,123,183,11,197,54,254,110,172,154,9,130,31,171,188,71,187,109,0,33,54,163,48,149,39,163,80,133,80,130,42,253,82,97,114,33,26,7,1,0,243,225,130,235,11,1,5,7,0,6,1,1,127,128,128,0,152,79,87,145,33,2,3,11,166,32,4,204,2,32,17,224,220,2,192,3,0,22,49,499,499,499,499,499,499,499,499,499,499,499,499,499,499,499,499","0,2,14,7,202,499,499,499,499,499,499,499,499,499,499,499,499,499,499,499,499,499,499,499,499,499,499,499,499,499,499,499,499,499,499,499,499,499,499,499,499,499,499,499,499,499,499,499,499,499,499,499,499,499,499,499,499,499,499,499,499,499,499,499,499,499,499,499,499,499,499,499,499,499,499,499,499,499,499,499,499,499,499,499,499,499,499,499,499,499,499,499,499,499,499,499,499,499,499"
"82,97,114,33,26,7,1,0,243,225,130,235,11,1,5,7,0,6,1,1,128,128,128,0,152,79,87,145,33,2,3,11,166,1,4,204,2,32,17,224,220,2,128,3,0,5,49,46,116,231,144,194,70,86,64,120,116,10,3,2,196,25,165,249,6,246,217,0,1,58,163,54,68,66,51,113,73,28,116,138,29,57,65,32,167,182,74,70,22,143,246,96,83,167,231,144,194,70,86,64,74,67,143,195,99,138,65,145,218,24,250,253,114,45,116,36,163,197,197,197,197,197,197,197,197,197,197,197,197,197,197,197,197,197,197,231,150,56,153,237,23,158,114,125,79,51,124,46,40,234,146,244,117,56,151,70,176,113,73,28,116,138,29,57,65,32,167,182,74,70,22,143,131,73,135,152,30,123,108,93,206,152,206,123,183,11,197,54,254,110,172,154,9,130,31,171,188,71,187,109,0,33,190,163,48,149,39,163,80,133,80,130,42,253,31,167,237,193,130,16,92,135,147,15,179,246,22,44,127,188,36,1,106,74,104,24,499,499,499,499,499,499,499,499,499,499,499,499,499,499,499,499,499,499,499,499","0,1,82,2,69,499,499,499,499,499,499,499,499,499,499,499,499,499,499,499,499,499,499,499,499,499,499,499,499,499,499,499,499,499,499,499,499,499,499,499,499,499,499,499,499,499,499,499,499,499,499,499,499,499,499,499,499,499,499,499,499,499,499,499,499,499,499,499,499,499,499,499,499,499,499,499,499,499,499,499,499,499,499,499,499,499,499,499,499,499,499,499,499,499,499,499,499,499,499"
"82,97,114,33,26,7,1,0,243,225,130,2,2,2,2,2,2,2,2,2,2,2,2,0,128,165,249,6,246,217,1,195,58,163,54,68,66,51,17,224,220,2,128,3,0,136,49,46,49,46,116,120,116,10,3,2,196,25,165,249,6,246,217,1,195,58,163,54,68,66,51,246,96,246,96,83,167,231,144,194,70,76,64,74,67,143,195,99,138,65,145,218,24,250,253,114,45,116,36,163,197,197,197,197,197,197,197,197,197,197,197,197,197,197,197,197,197,197,231,150,56,153,237,23,157,114,125,79,39,124,46,40,234,146,244,117,56,151,70,176,113,73,28,116,138,29,57,65,40,167,182,74,70,22,143,131,73,135,152,30,123,54,254,110,172,154,9,130,31,171,188,71,187,109,0,33,190,163,48,149,39,163,80,133,80,130,42,253,31,167,237,193,130,16,195,58,163,92,135,147,15,179,246,22,44,127,188,36,90,106,74,104,24,234,170,179,1,219,6,113,114,173,50,155,6,240,29,119,86,81,3,5,499,499,499,499,499,499,499,499,499,499,499,499,499,499,499,499,499,499,499,499,499,499,499,499","0,10,34,11,32,499,499,499,499,499,499,499,499,499,499,499,499,499,499,499,499,499,499,499,499,499,499,499,499,499,499,499,499,499,499,499,499,499,499,499,499,499,499,499,499,499,499,499,499,499,499,499,499,499,499,499,499,499,499,499,499,499,499,499,499,499,499,499,499,499,499,499,499,499,499,499,499,499,499,499,499,499,499,499,499,499,499,499,499,499,499,499,499,499,499,499,499,499,499"
"82,97,114,33,26,7,1,0,244,225,130,235,11,1,5,7,0,6,1,1,128,128,128,0,152,79,87,145,33,2,3,11,166,1,4,204,2,32,17,224,220,2,128,3,0,5,49,46,116,120,116,10,3,2,196,25,165,249,6,246,217,1,195,58,163,54,68,66,51,246,96,83,167,231,144,197,54,254,110,172,154,9,195,99,138,65,166,218,24,250,253,114,45,116,36,163,197,193,0,0,64,0,0,0,249,75,86,121,252,178,136,202,42,239,231,150,56,153,237,23,157,114,125,79,39,124,46,40,234,146,244,117,56,151,70,176,113,73,28,116,138,29,57,65,32,167,182,74,70,22,143,131,73,135,152,30,123,126,93,206,152,206,123,183,11,194,70,113,64,74,67,143,130,31,171,188,71,187,109,0,33,190,163,48,149,39,163,80,133,80,130,42,253,31,167,237,193,130,16,92,135,147,15,179,246,22,44,127,188,36,90,106,74,104,24,234,170,179,1,219,6,113,114,173,50,155,6,240,29,119,86,81,3,5,4,0,499,499,499,499,499,499,499,499,499,499,499,499,499,499,499,499,499,499,499,499","0,7,101,12,106,499,499,499,499,499,499,499,499,499,499,499,499,499,499,499,499,499,499,499,499,499,499,499,499,499,499,499,499,499,499,499,499,499,499,499,499,499,499,499,499,499,499,499,499,499,499,499,499,499,499,499,499,499,499,499,499,499,499,499,499,499,499,499,499,499,499,499,499,499,499,499,499,499,499,499,499,499,499,499,499,499,499,499,499,499,499,499,499,499,499,499,499,499,499"
"82,97,114,33,26,7,1,0,244,225,130,235,11,1,5,7,0,6,1,1,128,128,128,0,152,79,87,145,33,2,3,11,166,1,4,204,2,32,17,224,220,2,128,3,0,5,49,46,116,120,116,10,3,2,196,25,165,249,6,246,217,1,195,58,163,54,68,66,51,246,96,83,167,231,144,197,54,254,110,172,154,9,195,99,138,65,166,218,24,250,253,114,45,116,36,163,197,193,0,0,64,0,0,0,249,0,2,0,0,178,136,202,42,239,231,150,56,153,237,23,157,114,125,79,39,124,46,40,234,146,244,117,56,151,70,176,113,73,28,116,138,29,57,65,32,167,182,74,70,22,143,131,73,135,152,30,123,126,93,206,152,206,123,183,11,194,70,113,64,74,67,143,130,31,171,188,71,187,109,0,33,190,163,48,149,39,163,80,133,80,130,42,253,31,167,237,193,130,16,92,135,147,15,179,246,22,44,127,188,36,90,106,74,104,24,234,170,179,1,219,6,113,114,173,50,155,6,240,29,119,86,81,3,5,4,0,499,499,499,499,499,499,499,499,499,499,499,499,499,499,499,499,499,499,499,499","0,10,110,13,83,499,499,499,499,499,499,499,499,499,499,499,499,499,499,499,499,499,499,499,499,499,499,499,499,499,499,499,499,499,499,499,499,499,499,499,499,499,499,499,499,499,499,499,499,499,499,499,499,499,499,499,499,499,499,499,499,499,499,499,499,499,499,499,499,499,499,499,499,499,499,499,499,499,499,499,499,499,499,499,499,499,499,499,499,499,499,499,499,499,499,499,499,499,499"
"82,97,114,33,26,7,1,0,243,225,130,235,11,1,5,7,0,6,1,1,128,128,128,0,152,79,87,145,33,2,3,11,166,1,4,204,2,32,17,224,220,2,128,3,16,5,5,5,5,5,5,5,5,5,5,5,5,5,5,5,5,5,5,5,5,5,5,5,51,246,96,83,167,231,144,194,70,86,64,74,67,143,195,99,138,65,145,218,24,250,253,114,45,116,36,163,197,197,197,197,197,197,197,197,197,197,197,197,197,197,197,197,197,197,231,150,56,153,237,23,157,114,125,79,39,124,46,40,234,146,244,117,56,151,70,176,113,73,28,116,138,29,57,65,32,167,182,74,70,22,143,131,73,135,152,30,123,126,93,206,152,206,123,183,11,197,54,254,110,172,154,9,130,31,171,188,71,187,109,0,33,190,163,48,149,39,163,80,133,80,130,42,253,31,167,237,193,130,16,92,135,147,15,179,246,22,44,127,188,36,90,106,74,151,24,234,170,179,1,219,6,113,114,173,50,155,6,240,29,119,86,81,3,5,4,0,499,499,499,499,499,499,499,499,499,499,499,499,499,499,499,499,499,499,499,499","0,1,13,11,46,499,499,499,499,499,499,499,499,499,499,499,499,499,499,499,499,499,499,499,499,499,499,499,499,499,499,499,499,499,499,499,499,499,499,499,499,499,499,499,499,499,499,499,499,499,499,499,499,499,499,499,499,499,499,499,499,499,499,499,499,499,499,499,499,499,499,499,499,499,499,499,499,499,499,499,499,499,499,499,499,499,499,499,499,499,499,499,499,499,499,499,499,499,499"
"82,97,114,33,26,7,1,0,243,225,130,235,11,2,5,7,0,6,1,1,128,128,128,0,152,79,87,145,33,2,3,11,134,1,4,204,18,32,17,224,121,2,192,3,0,5,49,46,116,120,117,10,3,2,196,25,165,249,6,246,217,1,195,58,163,54,68,66,51,246,96,83,167,231,144,194,70,113,64,74,67,143,195,99,138,65,166,218,24,250,253,114,45,116,36,163,197,193,156,119,120,238,84,187,249,75,86,121,252,178,136,202,42,239,231,150,56,153,237,23,157,114,125,79,39,124,46,40,234,146,244,117,56,151,70,176,113,73,28,116,138,29,57,65,32,167,182,74,70,22,143,131,73,135,152,30,123,126,93,206,152,206,123,183,11,197,54,254,110,172,154,9,130,31,171,188,71,187,109,0,33,54,163,48,149,39,163,80,133,80,130,42,253,82,97,114,33,26,7,1,0,243,225,130,235,11,1,5,7,0,6,1,1,127,128,128,0,152,79,87,145,33,2,3,11,166,32,4,204,2,32,17,224,220,2,192,3,0,22,49,499,499,499,499,499,499,499,499,499,499,499,499,499,499,499,499","0,1,20,1,53,2,17,10,20,12,17,499,499,499,499,499,499,499,499,499,499,499,499,499,499,499,499,499,499,499,499,499,499,499,499,499,499,499,499,499,499,499,499,499,499,499,499,499,499,499,499,499,499,499,499,499,499,499,499,499,499,499,499,499,499,499,499,499,499,499,499,499,499,499,499,499,499,499,499,499,499,499,499,499,499,499,499,499,499,499,499,499,499,499,499,499,499,499,499"
"82,97,114,33,26,7,1,0,127,255,255,255,11,1,5,7,195,58,163,116,120,116,10,3,3,3,3,4,3,3,3,3,3,3,3,3,2,2,2,2,2,195,58,163,2,2,2,2,2,2,2,2,2,2,2,2,2,2,2,2,2,2,2,0,3,3,3,3,3,3,3,2,196,25,165,250,0,6,1,1,128,128,128,0,152,79,87,145,33,2,3,11,166,26,7,1,0,127,255,255,255,11,1,31,7,195,58,163,1,4,204,2,32,64,74,67,499,499,499,499,499,499,499,499,499,499,499,499,499,499,499,499,499,499,499,499,499,499,499,499,499,499,499,499,499,499,499,499,499,499,499,499,499,499,499,499,499,499,499,499,499,499,499,499,499,499,499,499,499,499,499,499,499,499,499,499,499,499,499,499,499,499,499,499,499,499,499,499,499,499,499,499,499,499,499,499,499,499,499,499,499,499,499,499,499,499,499,499,499,499,499,499,499,499,499,499,499,499,499,499,499,499,499,499,499,499,499,499,499,499,499,499,499,499,499,499,499,499,499,499,499,499,499,499,499,499,499,499,499,499,499,499,499,499,499,499","0,12,46,12,51,12,78,499,499,499,499,499,499,499,499,499,499,499,499,499,499,499,499,499,499,499,499,499,499,499,499,499,499,499,499,499,499,499,499,499,499,499,499,499,499,499,499,499,499,499,499,499,499,499,499,499,499,499,499,499,499,499,499,499,499,499,499,499,499,499,499,499,499,499,499,499,499,499,499,499,499,499,499,499,499,499,499,499,499,499,499,499,499,499,499,499,499,499,499"
"82,97,114,33,26,7,1,0,243,225,130,235,11,1,5,7,0,6,1,1,128,128,128,0,152,79,87,145,33,2,3,244,121,1,4,204,18,32,17,224,121,2,128,3,0,5,49,46,116,120,117,10,3,2,196,25,165,249,6,246,217,1,195,58,163,54,68,66,51,246,96,83,167,231,144,194,70,113,64,74,67,143,195,99,138,65,166,218,24,250,253,114,45,116,36,163,197,193,156,119,120,238,84,187,249,75,86,121,252,178,136,202,42,239,231,150,56,153,237,23,157,114,125,79,39,124,46,40,234,146,244,117,56,151,70,176,113,73,28,116,138,29,57,65,32,167,182,74,70,22,143,131,73,135,152,30,123,126,93,206,152,206,123,183,11,197,54,254,110,172,154,9,130,31,171,188,71,187,109,0,33,54,163,48,149,39,163,80,133,80,130,42,253,82,97,114,33,26,7,1,0,243,225,130,235,11,1,5,7,0,6,1,1,127,128,128,0,152,79,87,145,33,2,3,11,166,32,4,204,2,32,17,224,220,2,192,3,0,22,49,499,499,499,499,499,499,499,499,499,499,499,499,499,499,499,499","0,2,34,13,62,499,499,499,499,499,499,499,499,499,499,499,499,499,499,499,499,499,499,499,499,499,499,499,499,499,499,499,499,499,499,499,499,499,499,499,499,499,499,499,499,499,499,499,499,499,499,499,499,499,499,499,499,499,499,499,499,499,499,499,499,499,499,499,499,499,499,499,499,499,499,499,499,499,499,499,499,499,499,499,499,499,499,499,499,499,499,499,499,499,499,499,499,499,499"
"82,97,114,33,26,7,1,0,244,225,130,235,11,1,5,7,0,6,1,1,128,128,128,0,152,79,87,145,33,2,3,11,166,1,4,204,2,32,17,224,220,2,128,3,0,5,49,46,116,120,116,10,3,2,196,25,165,249,6,246,217,1,195,58,163,54,68,66,51,246,96,83,167,231,144,197,54,254,110,172,154,9,195,99,138,65,166,218,24,250,253,114,45,116,36,163,197,193,0,0,120,82,11,1,5,97,114,33,26,7,1,0,244,225,130,235,11,1,5,7,0,6,1,1,128,128,128,128,128,128,128,128,128,128,128,128,128,128,128,128,128,128,128,128,128,128,128,128,128,128,128,128,128,0,152,79,87,145,33,2,3,11,166,1,4,204,2,32,17,224,220,2,128,3,0,5,49,46,116,120,116,10,3,2,196,25,165,249,6,246,217,1,195,58,163,54,68,66,51,246,96,83,167,231,144,197,208,58,163,97,114,54,254,110,172,154,9,195,99,138,65,166,218,24,250,253,114,45,116,36,163,197,193,0,0,11,1,5,187,249,499,499,499,499,499,499,499,499,499,499,499,499,499,499,499,499","0,1,152,499,499,499,499,499,499,499,499,499,499,499,499,499,499,499,499,499,499,499,499,499,499,499,499,499,499,499,499,499,499,499,499,499,499,499,499,499,499,499,499,499,499,499,499,499,499,499,499,499,499,499,499,499,499,499,499,499,499,499,499,499,499,499,499,499,499,499,499,499,499,499,499,499,499,499,499,499,499,499,499,499,499,499,499,499,499,499,499,499,499,499,499,499,499,499,499"
"83,97,114,33,26,7,1,0,119,120,238,86,81,3,5,4,163,54,68,66,51,246,96,83,167,231,144,194,70,113,64,74,67,143,195,99,33,26,7,1,0,243,225,130,235,11,1,5,7,0,6,1,120,238,84,187,249,75,86,121,252,82,97,114,33,26,7,1,0,243,225,130,235,11,1,5,7,0,6,1,1,116,128,128,0,152,79,87,145,33,2,3,11,166,1,4,204,2,32,17,224,220,2,128,3,0,5,49,47,116,120,116,10,3,2,196,25,165,249,6,246,217,1,195,58,163,0,0,0,32,68,68,68,68,68,68,68,68,68,68,68,68,68,68,68,68,68,68,68,68,68,68,68,68,68,68,68,68,66,51,0,127,1,1,128,128,128,0,152,79,87,145,33,2,3,11,166,1,4,204,2,32,114,45,116,36,163,197,193,116,10,3,2,156,240,29,119,84,187,249,499,499,499,499,499,499,499,499,499,499,499,499,499,499,499,499,499,499,499,499,499,499,499,499,499,499,499,499,499,499,499,499,499,499,499,499,499,499,499,499,499,499,499,499,499,499,499,499,499,499,499,499,499,499,499,499","0,1,184,6,168,12,195,499,499,499,499,499,499,499,499,499,499,499,499,499,499,499,499,499,499,499,499,499,499,499,499,499,499,499,499,499,499,499,499,499,499,499,499,499,499,499,499,499,499,499,499,499,499,499,499,499,499,499,499,499,499,499,499,499,499,499,499,499,499,499,499,499,499,499,499,499,499,499,499,499,499,499,499,499,499,499,499,499,499,499,499,499,499,499,499,499,499,499,499"
"82,97,114,33,26,7,1,0,127,255,255,255,11,1,5,7,195,58,163,116,120,116,10,3,3,3,3,4,3,3,3,3,3,3,3,3,2,2,2,2,2,195,58,163,2,2,2,2,2,2,255,255,128,0,2,2,2,2,2,2,2,2,2,0,3,3,3,3,3,3,3,2,196,25,165,250,0,6,1,1,128,128,128,0,152,79,87,145,33,2,3,11,166,26,7,1,0,127,255,255,255,11,1,31,7,195,58,163,1,4,204,2,32,64,74,67,499,499,499,499,499,499,499,499,499,499,499,499,499,499,499,499,499,499,499,499,499,499,499,499,499,499,499,499,499,499,499,499,499,499,499,499,499,499,499,499,499,499,499,499,499,499,499,499,499,499,499,499,499,499,499,499,499,499,499,499,499,499,499,499,499,499,499,499,499,499,499,499,499,499,499,499,499,499,499,499,499,499,499,499,499,499,499,499,499,499,499,499,499,499,499,499,499,499,499,499,499,499,499,499,499,499,499,499,499,499,499,499,499,499,499,499,499,499,499,499,499,499,499,499,499,499,499,499,499,499,499,499,499,499,499,499,499,499,499,499","0,2,69,6,63,12,44,12,58,499,499,499,499,499,499,499,499,499,499,499,499,499,499,499,499,499,499,499,499,499,499,499,499,499,499,499,499,499,499,499,499,499,499,499,499,499,499,499,499,499,499,499,499,499,499,499,499,499,499,499,499,499,499,499,499,499,499,499,499,499,499,499,499,499,499,499,499,499,499,499,499,499,499,499,499,499,499,499,499,499,499,499,499,499,499,499,499,499,499"
"82,97,114,33,26,7,1,0,243,225,130,235,11,1,5,7,0,6,1,1,128,128,128,0,152,79,87,145,33,2,3,11,134,1,4,204,18,32,17,224,121,2,128,3,0,5,49,46,116,120,117,10,3,2,196,25,165,249,6,246,217,1,195,58,163,54,68,66,51,246,96,83,167,231,144,194,70,113,64,74,67,143,195,99,138,65,166,218,24,250,253,114,45,116,36,163,197,193,156,119,120,238,84,187,249,75,86,121,252,178,200,202,42,239,231,150,56,153,237,23,157,114,125,79,39,124,46,40,234,146,244,117,56,151,70,176,113,73,28,116,138,29,57,65,32,167,182,74,70,22,143,131,73,135,152,30,123,126,93,206,152,206,123,183,11,197,54,254,110,172,154,9,130,31,171,188,71,187,109,0,33,54,163,48,149,39,163,80,133,80,130,42,253,82,97,114,33,26,7,1,0,243,225,130,235,11,1,5,7,0,6,1,1,127,128,128,0,152,79,87,145,33,2,3,11,166,32,4,204,2,32,17,224,220,2,192,3,0,22,49,499,499,499,499,499,499,499,499,499,499,499,499,499,499,499,499","0,13,63,499,499,499,499,499,499,499,499,499,499,499,499,499,499,499,499,499,499,499,499,499,499,499,499,499,499,499,499,499,499,499,499,499,499,499,499,499,499,499,499,499,499,499,499,499,499,499,499,499,499,499,499,499,499,499,499,499,499,499,499,499,499,499,499,499,499,499,499,499,499,499,499,499,499,499,499,499,499,499,499,499,499,499,499,499,499,499,499,499,499,499,499,499,499,499,499"
"82,97,114,33,26,7,1,0,127,255,255,255,11,1,5,7,195,58,163,116,120,116,10,3,3,3,3,4,3,3,3,3,3,3,3,3,2,2,2,2,2,195,58,0,0,1,0,2,2,2,255,255,128,0,2,2,2,2,2,2,2,2,2,0,3,3,3,3,3,3,3,2,196,25,165,250,0,6,1,1,128,128,128,0,152,79,87,145,33,2,3,11,166,26,7,1,0,127,255,255,255,11,1,31,7,195,58,163,1,4,204,2,32,64,74,67,499,499,499,499,499,499,499,499,499,499,499,499,499,499,499,499,499,499,499,499,499,499,499,499,499,499,499,499,499,499,499,499,499,499,499,499,499,499,499,499,499,499,499,499,499,499,499,499,499,499,499,499,499,499,499,499,499,499,499,499,499,499,499,499,499,499,499,499,499,499,499,499,499,499,499,499,499,499,499,499,499,499,499,499,499,499,499,499,499,499,499,499,499,499,499,499,499,499,499,499,499,499,499,499,499,499,499,499,499,499,499,499,499,499,499,499,499,499,499,499,499,499,499,499,499,499,499,499,499,499,499,499,499,499,499,499,499,499,499,499","0,2,69,13,68,499,499,499,499,499,499,499,499,499,499,499,499,499,499,499,499,499,499,499,499,499,499,499,499,499,499,499,499,499,499,499,499,499,499,499,499,499,499,499,499,499,499,499,499,499,499,499,499,499,499,499,499,499,499,499,499,499,499,499,499,499,499,499,499,499,499,499,499,499,499,499,499,499,499,499,499,499,499,499,499,499,499,499,499,499,499,499,499,499,499,499,499,499,499"
"82,97,114,33,26,7,1,0,127,255,255,255,11,208,58,163,97,114,0,116,93,116,10,3,3,3,3,4,3,3,3,3,3,3,3,3,2,2,2,2,2,195,62,0,0,1,0,2,2,2,255,255,128,0,2,2,2,2,2,2,2,2,113,114,173,50,155,197,54,254,110,6,240,29,119,2,0,3,3,3,75,86,121,252,178,136,202,42,239,231,150,56,195,197,92,157,114,125,79,151,124,46,40,234,146,244,117,56,151,70,64,74,499,499,499,499,499,499,499,499,499,499,499,499,499,499,499,499,499,499,499,499,499,499,499,499,499,499,499,499,499,499,499,499,499,499,499,499,499,499,499,499,499,499,499,499,499,499,499,499,499,499,499,499,499,499,499,499,499,499,499,499,499,499,499,499,499,499,499,499,499,499,499,499,499,499,499,499,499,499,499,499,499,499,499,499,499,499,499,499,499,499,499,499,499,499,499,499,499,499,499,499,499,499,499,499,499,499,499,499,499,499,499,499,499,499,499,499,499,499,499,499,499,499,499,499,499,499,499,499,499,499,499,499,499,499,499,499,499,499,499,499,499,499,499,499","0,1,57,7,56,8,56,499,499,499,499,499,499,499,499,499,499,499,499,499,499,499,499,499,499,499,499,499,499,499,499,499,499,499,499,499,499,499,499,499,499,499,499,499,499,499,499,499,499,499,499,499,499,499,499,499,499,499,499,499,499,499,499,499,499,499,499,499,499,499,499,499,499,499,499,499,499,499,499,499,499,499,499,499,499,499,499,499,499,499,499,499,499,499,499,499,499,499,499"
"82,97,114,33,26,7,1,0,127,255,255,255,11,1,5,7,195,58,163,116,120,115,253,3,3,3,34,4,3,3,3,3,3,3,3,3,2,2,2,2,2,195,58,0,0,41,0,2,2,2,255,255,128,0,2,2,2,2,2,2,2,2,2,2,195,58,0,0,1,0,2,2,2,255,255,128,0,2,2,2,2,2,2,2,2,2,2,2,2,2,2,2,2,2,2,2,2,2,2,2,2,2,2,2,0,3,3,3,3,3,3,3,2,196,25,165,250,0,6,1,1,128,128,128,0,152,79,87,145,33,2,3,11,166,26,7,1,0,127,255,255,255,11,1,31,7,195,58,163,130,42,1,65,74,67,499,499,499,499,499,499,499,499,499,499,499,499,499,499,499,499,499,499,499,499,499,499,499,499,499,499,499,499,499,499,499,499,499,499,499,499,499,499,499,499,499,499,499,499,499,499,499,499,499,499,499,499,499,499,499,499,499,499,499,499,499,499,499,499,499,499,499,499,499,499,499,499,499,499,499,499,499,499,499,499,499,499,499,499,499,499,499,499,499,499,499,499,499,499,499,499,499,499,499,499,499","0,1,14,499,499,499,499,499,499,499,499,499,499,499,499,499,499,499,499,499,499,499,499,499,499,499,499,499,499,499,499,499,499,499,499,499,499,499,499,499,499,499,499,499,499,499,499,499,499,499,499,499,499,499,499,499,499,499,499,499,499,499,499,499,499,499,499,499,499,499,499,499,499,499,499,499,499,499,499,499,499,499,499,499,499,499,499,499,499,499,499,499,499,499,499,499,499,499,499"
"82,97,114,33,26,7,1,0,127,255,255,255,11,1,5,7,195,58,163,116,120,116,10,3,3,3,3,4,3,3,3,3,3,3,3,3,2,2,2,2,2,195,58,163,2,2,2,2,2,2,255,255,128,0,2,2,2,0,2,0,0,2,2,0,3,3,3,3,3,3,3,2,196,25,165,250,0,6,1,1,499,499,499,499,499,499,499,499,499,499,499,499,499,499,499,499,499,499,499,499,499,499,499,499,499,499,499,499,499,499,499,499,499,499,499,499,499,499,499,499,499,499,499,499,499,499,499,499,499,499,499,499,499,499,499,499,499,499,499,499,499,499,499,499,499,499,499,499,499,499,499,499,499,499,499,499,499,499,499,499,499,499,499,499,499,499,499,499,499,499,499,499,499,499,499,499,499,499,499,499,499,499,499,499,499,499,499,499,499,499,499,499,499,499,499,499,499,499,499,499,499,499,499,499,499,499,499,499,499,499,499,499,499,499,499,499,499,499,499,499,499,499,499,499,499,499,499,499,499,499,499,499,499,499,499,499,499,499,499,499,499,499,499,499,499,499,499,499,499,499,499,499,499,499,499,499","0,1,48,11,64,12,46,499,499,499,499,499,499,499,499,499,499,499,499,499,499,499,499,499,499,499,499,499,499,499,499,499,499,499,499,499,499,499,499,499,499,499,499,499,499,499,499,499,499,499,499,499,499,499,499,499,499,499,499,499,499,499,499,499,499,499,499,499,499,499,499,499,499,499,499,499,499,499,499,499,499,499,499,499,499,499,499,499,499,499,499,499,499,499,499,499,499,499,499"
"82,97,114,33,26,7,1,0,127,255,255,255,11,1,5,7,195,58,163,116,120,116,10,3,3,3,3,4,3,3,3,3,3,3,3,3,2,2,2,2,2,195,58,163,2,2,2,2,2,2,255,255,128,0,2,2,2,0,2,0,0,2,2,128,255,3,3,3,3,3,3,2,196,25,165,250,0,6,1,1,499,499,499,499,499,499,499,499,499,499,499,499,499,499,499,499,499,499,499,499,499,499,499,499,499,499,499,499,499,499,499,499,499,499,499,499,499,499,499,499,499,499,499,499,499,499,499,499,499,499,499,499,499,499,499,499,499,499,499,499,499,499,499,499,499,499,499,499,499,499,499,499,499,499,499,499,499,499,499,499,499,499,499,499,499,499,499,499,499,499,499,499,499,499,499,499,499,499,499,499,499,499,499,499,499,499,499,499,499,499,499,499,499,499,499,499,499,499,499,499,499,499,499,499,499,499,499,499,499,499,499,499,499,499,499,499,499,499,499,499,499,499,499,499,499,499,499,499,499,499,499,499,499,499,499,499,499,499,499,499,499,499,499,499,499,499,499,499,499,499,499,499,499,499,499,499","0,1,65,2,65,7,65,499,499,499,499,499,499,499,499,499,499,499,499,499,499,499,499,499,499,499,499,499,499,499,499,499,499,499,499,499,499,499,499,499,499,499,499,499,499,499,499,499,499,499,499,499,499,499,499,499,499,499,499,499,499,499,499,499,499,499,499,499,499,499,499,499,499,499,499,499,499,499,499,499,499,499,499,499,499,499,499,499,499,499,499,499,499,499,499,499,499,499,499"
"82,97,114,33,26,7,1,0,127,255,255,255,11,1,5,7,195,58,163,116,120,116,10,3,3,3,3,4,3,3,3,3,3,3,3,3,2,2,2,2,2,195,58,163,2,2,2,2,2,2,255,255,128,0,2,2,2,0,2,0,0,2,2,128,253,3,3,3,3,3,3,2,196,25,165,250,0,6,1,1,499,499,499,499,499,499,499,499,499,499,499,499,499,499,499,499,499,499,499,499,499,499,499,499,499,499,499,499,499,499,499,499,499,499,499,499,499,499,499,499,499,499,499,499,499,499,499,499,499,499,499,499,499,499,499,499,499,499,499,499,499,499,499,499,499,499,499,499,499,499,499,499,499,499,499,499,499,499,499,499,499,499,499,499,499,499,499,499,499,499,499,499,499,499,499,499,499,499,499,499,499,499,499,499,499,499,499,499,499,499,499,499,499,499,499,499,499,499,499,499,499,499,499,499,499,499,499,499,499,499,499,499,499,499,499,499,499,499,499,499,499,499,499,499,499,499,499,499,499,499,499,499,499,499,499,499,499,499,499,499,499,499,499,499,499,499,499,499,499,499,499,499,499,499,499,499","0,1,57,2,47,499,499,499,499,499,499,499,499,499,499,499,499,499,499,499,499,499,499,499,499,499,499,499,499,499,499,499,499,499,499,499,499,499,499,499,499,499,499,499,499,499,499,499,499,499,499,499,499,499,499,499,499,499,499,499,499,499,499,499,499,499,499,499,499,499,499,499,499,499,499,499,499,499,499,499,499,499,499,499,499,499,499,499,499,499,499,499,499,499,499,499,499,499,499"
"82,97,114,33,26,7,1,0,243,225,130,235,11,1,5,7,0,6,1,1,128,128,128,0,152,79,87,145,33,2,3,11,166,1,4,204,2,32,17,224,220,2,128,3,0,5,49,46,116,120,116,10,3,2,196,25,165,249,6,246,217,1,195,58,163,54,68,66,51,240,96,115,167,231,144,194,70,113,64,74,67,143,195,99,138,65,145,218,24,250,253,114,45,116,36,163,197,197,197,197,197,197,197,197,197,197,197,197,197,197,197,197,197,197,231,150,56,153,237,23,157,114,125,79,39,124,46,40,234,146,244,117,56,151,70,176,113,73,28,116,138,29,57,65,32,167,182,74,70,22,143,131,73,135,152,30,123,126,93,206,152,206,123,183,11,197,54,254,110,172,154,9,130,31,171,188,71,187,109,0,33,190,163,48,149,39,163,80,133,80,130,42,253,31,167,237,193,130,16,92,135,147,15,179,246,22,44,127,188,36,90,106,74,104,24,234,170,179,1,219,6,113,114,173,50,155,6,240,29,119,86,81,3,5,4,0,499,499,499,499,499,499,499,499,499,499,499,499,499,499,499,499,499,499,499,499","0,7,227,499,499,499,499,499,499,499,499,499,499,499,499,499,499,499,499,499,499,499,499,499,499,499,499,499,499,499,499,499,499,499,499,499,499,499,499,499,499,499,499,499,499,499,499,499,499,499,499,499,499,499,499,499,499,499,499,499,499,499,499,499,499,499,499,499,499,499,499,499,499,499,499,499,499,499,499,499,499,499,499,499,499,499,499,499,499,499,499,499,499,499,499,499,499,499,499"
"82,97,114,33,26,7,1,0,127,255,255,255,11,1,5,7,195,58,163,116,120,116,10,3,3,3,3,4,3,3,3,3,3,3,3,3,2,2,2,2,2,195,58,163,2,255,255,128,0,2,255,255,128,0,2,2,2,0,2,0,0,2,2,0,3,3,3,2,196,25,165,250,0,6,1,1,499,499,499,499,499,499,499,499,499,499,499,499,499,499,499,499,499,499,499,499,499,499,499,499,499,499,499,499,499,499,499,499,499,499,499,499,499,499,499,499,499,499,499,499,499,499,499,499,499,499,499,499,499,499,499,499,499,499,499,499,499,499,499,499,499,499,499,499,499,499,499,499,499,499,499,499,499,499,499,499,499,499,499,499,499,499,499,499,499,499,499,499,499,499,499,499,499,499,499,499,499,499,499,499,499,499,499,499,499,499,499,499,499,499,499,499,499,499,499,499,499,499,499,499,499,499,499,499,499,499,499,499,499,499,499,499,499,499,499,499,499,499,499,499,499,499,499,499,499,499,499,499,499,499,499,499,499,499,499,499,499,499,499,499,499,499,499,499,499,499,499,499,499,499,499,499,499,499,499,499","0,1,40,499,499,499,499,499,499,499,499,499,499,499,499,499,499,499,499,499,499,499,499,499,499,499,499,499,499,499,499,499,499,499,499,499,499,499,499,499,499,499,499,499,499,499,499,499,499,499,499,499,499,499,499,499,499,499,499,499,499,499,499,499,499,499,499,499,499,499,499,499,499,499,499,499,499,499,499,499,499,499,499,499,499,499,499,499,499,499,499,499,499,499,499,499,499,499,499"
"82,97,114,33,26,7,1,0,243,225,130,235,11,1,5,7,0,6,1,1,128,128,128,0,152,79,87,145,33,2,3,11,134,1,4,204,18,32,17,224,121,2,128,3,0,5,49,46,116,120,117,10,3,2,196,25,165,249,6,246,217,1,195,197,92,54,68,66,51,246,96,83,167,231,144,194,70,113,64,74,67,143,195,99,138,65,166,218,24,250,253,114,45,116,36,163,197,193,156,119,120,238,84,187,249,75,86,121,252,178,136,202,42,239,231,150,56,153,237,23,157,114,125,79,39,124,46,40,234,146,244,117,56,151,70,176,113,73,28,116,138,29,57,65,32,167,182,74,70,22,143,131,73,135,152,30,123,126,93,206,152,206,123,183,11,197,54,254,110,172,154,9,130,31,171,188,71,187,109,0,33,54,163,48,149,39,163,80,133,80,130,42,253,82,97,114,33,26,7,1,0,243,225,130,235,11,1,5,7,0,6,1,1,127,128,128,0,152,79,87,145,1,2,3,11,166,32,4,204,2,32,17,224,220,2,192,3,0,22,49,499,499,499,499,499,499,499,499,499,499,499,499,499,499,499,499","0,8,102,499,499,499,499,499,499,499,499,499,499,499,499,499,499,499,499,499,499,499,499,499,499,499,499,499,499,499,499,499,499,499,499,499,499,499,499,499,499,499,499,499,499,499,499,499,499,499,499,499,499,499,499,499,499,499,499,499,499,499,499,499,499,499,499,499,499,499,499,499,499,499,499,499,499,499,499,499,499,499,499,499,499,499,499,499,499,499,499,499,499,499,499,499,499,499,499"
"83,97,114,33,26,7,1,0,119,120,238,86,81,3,5,4,163,54,68,66,51,246,96,83,167,231,144,194,70,113,64,74,67,143,195,99,33,26,7,1,0,243,225,130,235,11,1,5,7,0,6,1,120,238,84,187,249,75,86,121,252,82,97,114,33,26,7,1,0,243,225,130,235,11,1,5,7,0,6,1,1,116,128,128,0,152,79,87,145,33,2,3,11,166,1,4,204,2,32,17,224,220,2,128,3,0,5,49,47,116,120,116,10,3,2,196,25,165,249,6,246,217,1,195,58,163,0,0,0,32,68,68,68,68,68,68,68,68,68,68,68,68,68,68,68,68,68,68,68,68,68,68,68,68,68,68,68,68,66,51,0,127,1,1,128,128,128,0,152,79,87,145,33,2,3,11,166,1,4,204,2,32,114,45,116,36,163,197,193,116,10,3,2,156,250,0,0,250,187,249,499,499,499,499,499,499,499,499,499,499,499,499,499,499,499,499,499,499,499,499,499,499,499,499,499,499,499,499,499,499,499,499,499,499,499,499,499,499,499,499,499,499,499,499,499,499,499,499,499,499,499,499,499,499,499,499","0,13,124,499,499,499,499,499,499,499,499,499,499,499,499,499,499,499,499,499,499,499,499,499,499,499,499,499,499,499,499,499,499,499,499,499,499,499,499,499,499,499,499,499,499,499,499,499,499,499,499,499,499,499,499,499,499,499,499,499,499,499,499,499,499,499,499,499,499,499,499,499,499,499,499,499,499,499,499,499,499,499,499,499,499,499,499,499,499,499,499,499,499,499,499,499,499,499,499"
"82,97,114,33,26,7,1,0,244,225,130,235,11,1,5,7,0,6,1,1,128,128,128,0,152,79,87,145,33,2,3,11,166,1,4,204,2,32,17,224,220,2,128,3,0,5,49,46,116,120,116,10,3,2,196,25,165,249,6,246,217,1,195,58,163,54,68,66,51,246,96,83,167,231,144,197,54,254,110,172,154,9,195,99,138,65,166,218,24,250,253,114,45,116,36,163,197,193,0,0,120,82,11,1,5,97,114,33,26,7,1,0,244,225,130,235,11,1,5,7,0,6,1,1,128,128,128,128,128,128,128,128,128,128,128,128,128,128,128,128,128,128,128,128,128,128,128,128,128,128,128,160,128,0,152,79,87,145,33,2,3,11,166,1,4,204,2,32,17,224,220,2,128,3,0,5,49,46,116,120,116,10,3,2,196,25,165,249,6,246,217,1,195,58,163,54,68,66,51,246,96,83,167,231,144,197,208,58,163,97,114,54,254,110,172,154,9,195,99,138,65,166,218,24,250,253,114,45,116,36,163,197,193,0,0,11,1,5,187,249,499,499,499,499,499,499,499,499,499,499,499,499,499,499,499,499","0,12,111,499,499,499,499,499,499,499,499,499,499,499,499,499,499,499,499,499,499,499,499,499,499,499,499,499,499,499,499,499,499,499,499,499,499,499,499,499,499,499,499,499,499,499,499,499,499,499,499,499,499,499,499,499,499,499,499,499,499,499,499,499,499,499,499,499,499,499,499,499,499,499,499,499,499,499,499,499,499,499,499,499,499,499,499,499,499,499,499,499,499,499,499,499,499,499,499"
"82,97,114,33,26,7,1,0,243,225,130,235,11,2,5,7,6,6,1,1,128,128,128,0,152,79,87,145,33,2,3,11,134,1,4,204,18,32,17,224,121,2,192,3,0,5,49,46,116,120,117,10,3,2,196,25,165,249,6,246,217,1,195,58,163,54,68,66,51,246,96,83,167,231,144,194,70,113,64,74,67,143,195,99,138,65,166,218,24,250,253,114,45,116,36,163,197,193,156,119,120,238,84,187,249,75,86,121,252,178,136,202,42,239,231,150,56,153,237,23,157,114,125,79,39,124,46,40,234,146,244,117,56,151,70,176,113,73,28,116,138,29,57,65,32,167,182,74,70,22,143,131,73,135,152,30,123,126,93,206,152,206,123,183,11,197,54,254,110,172,154,9,130,31,171,188,71,187,109,0,33,54,163,48,149,39,163,80,133,80,130,42,253,82,97,114,33,26,7,1,0,243,225,130,235,11,1,5,7,0,6,1,1,127,128,128,0,152,79,87,145,33,2,3,11,166,32,4,204,2,32,17,224,220,2,192,3,0,22,49,499,499,499,499,499,499,499,499,499,499,499,499,499,499,499,499","0,7,28,499,499,499,499,499,499,499,499,499,499,499,499,499,499,499,499,499,499,499,499,499,499,499,499,499,499,499,499,499,499,499,499,499,499,499,499,499,499,499,499,499,499,499,499,499,499,499,499,499,499,499,499,499,499,499,499,499,499,499,499,499,499,499,499,499,499,499,499,499,499,499,499,499,499,499,499,499,499,499,499,499,499,499,499,499,499,499,499,499,499,499,499,499,499,499,499"
"82,97,114,33,26,7,1,0,127,255,255,255,11,1,5,7,195,58,163,116,120,116,10,3,3,3,3,4,3,3,3,3,3,3,3,3,2,2,2,2,2,195,58,0,0,1,0,2,2,2,255,255,128,0,2,2,2,2,2,2,2,2,2,0,3,3,3,195,197,92,3,2,196,25,165,250,0,6,1,1,128,128,128,0,152,79,87,145,499,499,499,499,499,499,499,499,499,499,499,499,499,499,499,499,499,499,499,499,499,499,499,499,499,499,499,499,499,499,499,499,499,499,499,499,499,499,499,499,499,499,499,499,499,499,499,499,499,499,499,499,499,499,499,499,499,499,499,499,499,499,499,499,499,499,499,499,499,499,499,499,499,499,499,499,499,499,499,499,499,499,499,499,499,499,499,499,499,499,499,499,499,499,499,499,499,499,499,499,499,499,499,499,499,499,499,499,499,499,499,499,499,499,499,499,499,499,499,499,499,499,499,499,499,499,499,499,499,499,499,499,499,499,499,499,499,499,499,499,499,499,499,499,499,499,499,499,499,499,499,499,499,499,499,499,499,499,499,499,499,499,499,499,499,499,499,499","0,13,61,499,499,499,499,499,499,499,499,499,499,499,499,499,499,499,499,499,499,499,499,499,499,499,499,499,499,499,499,499,499,499,499,499,499,499,499,499,499,499,499,499,499,499,499,499,499,499,499,499,499,499,499,499,499,499,499,499,499,499,499,499,499,499,499,499,499,499,499,499,499,499,499,499,499,499,499,499,499,499,499,499,499,499,499,499,499,499,499,499,499,499,499,499,499,499,499"
"82,97,114,33,26,7,1,0,243,225,130,235,11,1,5,7,0,6,1,1,128,128,128,0,152,79,87,145,33,2,3,11,166,1,4,204,2,32,17,224,220,2,128,3,0,5,49,46,116,120,116,10,3,2,196,25,165,249,6,246,217,1,195,58,163,54,68,66,51,246,96,83,167,231,144,194,70,86,64,74,56,143,195,99,138,65,145,218,24,250,253,114,45,116,36,163,197,197,197,197,197,197,197,197,197,197,197,197,197,197,197,197,197,197,231,150,56,153,237,23,157,114,125,79,39,124,46,40,234,146,244,117,56,151,70,176,113,73,28,116,138,29,57,65,32,167,182,74,70,22,143,131,73,135,152,30,123,126,93,206,152,206,123,183,11,197,54,254,110,172,154,9,130,31,171,188,71,187,109,0,33,190,163,48,149,39,163,80,133,80,130,42,253,31,167,237,193,130,16,92,135,147,15,179,246,22,44,127,188,36,90,106,74,104,24,234,170,179,1,219,6,113,114,173,50,155,6,240,29,119,86,81,3,5,4,0,499,499,499,499,499,499,499,499,499,499,499,499,499,499,499,499,499,499,499,499","0,7,76,499,499,499,499,499,499,499,499,499,499,499,499,499,499,499,499,499,499,499,499,499,499,499,499,499,499,499,499,499,499,499,499,499,499,499,499,499,499,499,499,499,499,499,499,499,499,499,499,499,499,499,499,499,499,499,499,499,499,499,499,499,499,499,499,499,499,499,499,499,499,499,499,499,499,499,499,499,499,499,499,499,499,499,499,499,499,499,499,499,499,499,499,499,499,499,499"
"82,97,114,33,26,7,1,0,243,225,130,235,11,2,5,7,6,6,1,1,128,128,128,0,152,79,87,128,33,2,3,11,134,1,4,204,18,32,17,224,121,2,192,3,0,5,49,46,116,120,117,10,3,2,196,25,165,249,6,246,217,1,195,58,163,54,68,66,51,246,96,83,167,231,144,194,70,113,64,74,67,143,195,99,138,65,166,218,24,250,253,114,45,116,36,163,197,193,156,119,120,238,84,187,249,75,86,121,252,178,136,202,42,239,231,150,56,153,237,23,157,114,125,79,39,124,46,40,234,146,244,117,56,151,70,176,113,73,28,116,138,29,57,65,32,167,182,74,70,22,143,131,73,135,152,30,123,126,93,206,152,206,123,183,11,197,54,254,110,172,154,9,130,31,171,188,71,187,109,0,33,54,163,48,149,39,163,80,133,80,130,42,253,82,97,114,33,26,7,1,0,243,225,130,235,11,1,5,7,0,6,1,1,127,128,128,0,152,79,87,145,33,2,3,11,166,32,4,204,2,32,17,224,220,2,192,3,0,22,49,499,499,499,499,499,499,499,499,499,499,499,499,499,499,499,499","0,1,237,499,499,499,499,499,499,499,499,499,499,499,499,499,499,499,499,499,499,499,499,499,499,499,499,499,499,499,499,499,499,499,499,499,499,499,499,499,499,499,499,499,499,499,499,499,499,499,499,499,499,499,499,499,499,499,499,499,499,499,499,499,499,499,499,499,499,499,499,499,499,499,499,499,499,499,499,499,499,499,499,499,499,499,499,499,499,499,499,499,499,499,499,499,499,499,499"
"82,97,114,33,26,7,1,0,243,225,130,235,11,1,5,7,0,6,1,1,128,128,128,0,152,79,87,145,33,2,3,11,166,1,4,204,2,32,17,224,220,2,128,3,0,5,49,46,116,120,116,10,3,2,196,25,165,249,6,246,217,1,195,58,163,54,68,66,51,246,96,83,167,231,144,194,70,113,64,74,67,143,195,99,138,65,166,218,24,250,253,114,45,116,36,163,197,193,156,119,120,238,84,187,249,75,86,121,252,178,136,202,42,205,231,150,56,153,237,23,157,114,125,79,39,124,46,40,234,146,244,117,56,151,70,176,113,73,28,116,138,29,57,65,32,167,182,74,70,22,143,131,73,135,152,30,123,126,93,206,152,206,123,183,11,197,54,254,110,172,154,9,130,31,171,188,71,187,109,0,33,190,163,48,149,39,163,80,133,80,130,42,253,82,97,114,128,255,7,1,0,243,225,130,235,11,1,5,7,0,6,1,1,128,128,128,0,152,79,87,145,33,2,3,11,166,32,4,204,2,32,17,224,220,2,128,3,0,5,49,499,499,499,499,499,499,499,499,499,499,499,499,499,499,499,499","0,3,102,499,499,499,499,499,499,499,499,499,499,499,499,499,499,499,499,499,499,499,499,499,499,499,499,499,499,499,499,499,499,499,499,499,499,499,499,499,499,499,499,499,499,499,499,499,499,499,499,499,499,499,499,499,499,499,499,499,499,499,499,499,499,499,499,499,499,499,499,499,499,499,499,499,499,499,499,499,499,499,499,499,499,499,499,499,499,499,499,499,499,499,499,499,499,499,499"
"82,97,114,33,26,7,1,0,243,225,130,235,11,2,5,7,6,6,1,1,128,128,128,0,152,79,87,128,33,2,3,11,134,1,4,204,18,32,17,224,121,2,192,3,0,5,49,46,116,120,117,10,3,2,196,25,165,249,6,246,217,1,195,58,163,54,68,66,51,246,96,83,167,231,144,194,70,113,64,74,67,143,195,99,138,65,166,218,24,250,253,114,45,116,36,163,197,193,156,119,120,238,84,187,249,75,86,121,252,178,136,202,42,239,231,150,56,153,237,23,157,114,125,79,39,124,46,40,234,146,244,117,56,151,70,176,113,73,28,116,138,29,57,65,32,167,182,74,70,22,143,131,73,135,152,30,123,126,93,206,152,206,123,183,11,197,54,254,110,172,154,9,130,31,171,188,71,187,109,0,33,54,163,48,149,39,163,80,133,80,130,42,253,82,97,114,33,26,7,1,0,243,225,130,235,11,1,5,7,0,6,1,1,127,128,128,0,152,79,87,145,33,2,3,11,166,32,4,204,2,32,17,224,220,2,192,35,0,22,49,499,499,499,499,499,499,499,499,499,499,499,499,499,499,499,499","0,1,35,1,44,499,499,499,499,499,499,499,499,499,499,499,499,499,499,499,499,499,499,499,499,499,499,499,499,499,499,499,499,499,499,499,499,499,499,499,499,499,499,499,499,499,499,499,499,499,499,499,499,499,499,499,499,499,499,499,499,499,499,499,499,499,499,499,499,499,499,499,499,499,499,499,499,499,499,499,499,499,499,499,499,499,499,499,499,499,499,499,499,499,499,499,499,499,499"
"82,97,114,33,26,7,1,0,243,225,130,235,11,1,5,7,0,6,1,1,128,128,128,0,152,79,87,145,33,2,3,11,166,1,4,204,2,32,17,224,220,2,128,3,0,5,49,46,116,231,144,194,70,86,64,120,116,10,3,2,196,25,165,249,6,246,217,0,1,58,163,54,68,66,51,113,130,130,130,130,130,130,130,130,130,130,130,130,130,130,130,130,130,130,130,130,130,130,130,130,130,130,73,28,116,138,29,57,65,32,167,182,74,70,22,143,246,96,83,167,231,144,194,70,86,64,74,67,143,195,99,138,65,145,218,24,250,253,114,45,116,36,163,197,197,197,197,197,197,197,197,197,197,197,197,197,197,197,197,197,197,231,150,56,153,237,23,158,114,125,79,51,124,46,40,234,146,244,117,56,151,70,176,113,73,28,116,138,29,57,65,32,167,182,74,70,22,143,131,73,135,152,30,123,108,93,206,152,206,123,183,11,197,54,254,110,172,154,9,130,31,171,188,71,187,109,0,33,190,163,48,149,39,163,80,133,80,130,42,253,499,499,499,499,499,499,499,499,499,499,499,499,499,499,499,499","0,1,68,7,105,13,103,499,499,499,499,499,499,499,499,499,499,499,499,499,499,499,499,499,499,499,499,499,499,499,499,499,499,499,499,499,499,499,499,499,499,499,499,499,499,499,499,499,499,499,499,499,499,499,499,499,499,499,499,499,499,499,499,499,499,499,499,499,499,499,499,499,499,499,499,499,499,499,499,499,499,499,499,499,499,499,499,499,499,499,499,499,499,499,499,499,499,499,499"
"82,97,114,33,26,7,1,0,243,225,130,235,11,2,5,7,6,6,1,1,128,128,128,0,152,79,87,128,33,2,3,11,134,1,20,204,18,32,17,224,121,2,192,3,0,5,49,46,116,120,117,10,3,2,196,25,165,249,6,246,217,1,195,58,163,54,68,66,51,246,96,83,167,231,144,194,70,113,64,74,67,143,195,99,138,65,166,218,24,250,253,114,45,116,36,163,197,193,156,119,120,238,84,187,249,75,86,121,252,178,136,202,42,239,231,150,56,153,237,23,157,114,125,79,39,124,46,40,234,146,244,117,56,151,70,176,113,73,28,116,138,29,57,65,32,167,182,74,70,22,143,131,73,135,152,30,123,126,93,206,152,206,123,183,11,197,54,254,110,172,154,9,130,31,171,188,71,187,109,0,33,54,163,48,149,39,163,80,133,80,130,42,253,82,97,114,33,26,7,1,0,243,225,130,235,11,1,5,7,0,6,1,1,127,128,128,0,152,79,87,145,33,2,3,11,166,32,4,204,2,32,17,224,220,2,192,35,0,22,49,499,499,499,499,499,499,499,499,499,499,499,499,499,499,499,499","0,1,44,1,236,499,499,499,499,499,499,499,499,499,499,499,499,499,499,499,499,499,499,499,499,499,499,499,499,499,499,499,499,499,499,499,499,499,499,499,499,499,499,499,499,499,499,499,499,499,499,499,499,499,499,499,499,499,499,499,499,499,499,499,499,499,499,499,499,499,499,499,499,499,499,499,499,499,499,499,499,499,499,499,499,499,499,499,499,499,499,499,499,499,499,499,499,499,499"
"82,97,114,33,26,7,1,0,243,225,130,235,11,1,5,7,0,6,1,1,128,128,128,0,152,79,87,145,33,2,3,11,166,1,4,204,2,32,17,224,220,2,128,3,0,5,49,46,116,120,116,10,3,2,196,25,165,249,6,246,217,1,195,58,163,54,68,66,51,246,96,83,167,231,144,194,70,113,64,74,67,143,195,99,138,65,166,218,24,250,253,114,45,116,36,163,197,193,156,119,120,240,84,187,249,75,86,121,252,178,136,202,42,205,231,150,56,153,237,23,157,114,125,79,39,124,46,40,234,146,244,117,56,151,70,176,113,73,28,116,138,29,57,65,32,167,182,74,70,22,143,131,73,135,152,30,123,126,93,206,152,206,123,183,11,197,54,254,110,172,154,9,130,31,171,188,71,187,109,0,33,190,163,48,149,39,163,80,133,80,130,42,253,82,97,114,128,255,7,1,0,243,225,130,235,11,1,5,7,0,6,1,1,128,128,128,0,152,79,87,145,33,2,3,11,166,32,4,204,2,32,17,224,220,2,128,3,0,5,49,499,499,499,499,499,499,499,499,499,499,499,499,499,499,499,499","0,3,167,11,99,499,499,499,499,499,499,499,499,499,499,499,499,499,499,499,499,499,499,499,499,499,499,499,499,499,499,499,499,499,499,499,499,499,499,499,499,499,499,499,499,499,499,499,499,499,499,499,499,499,499,499,499,499,499,499,499,499,499,499,499,499,499,499,499,499,499,499,499,499,499,499,499,499,499,499,499,499,499,499,499,499,499,499,499,499,499,499,499,499,499,499,499,499,499"
"82,97,114,33,26,7,1,0,243,225,130,235,11,1,5,7,0,6,1,1,128,128,128,0,152,79,87,145,33,2,3,11,134,1,4,204,18,32,17,224,121,2,128,3,0,5,49,46,116,120,117,10,3,2,196,25,165,249,6,246,217,1,195,58,163,54,68,66,51,246,96,83,167,231,144,194,70,113,64,74,67,143,195,99,138,65,166,218,24,250,253,114,45,116,36,163,197,193,156,119,120,238,84,187,249,75,86,121,252,178,136,202,42,239,231,150,56,153,237,23,157,114,125,79,39,124,46,40,234,146,244,117,56,151,70,176,113,73,28,116,138,29,57,65,32,167,182,74,70,22,143,131,73,135,152,30,123,126,93,206,152,206,123,183,11,197,54,254,110,172,154,9,130,31,171,188,71,187,109,0,33,54,163,48,149,39,163,80,133,80,130,42,253,128,255,114,33,26,7,1,0,243,225,130,235,11,1,5,7,0,6,1,1,127,128,128,0,152,79,87,145,33,2,3,11,166,32,4,204,2,32,17,224,220,2,192,3,0,22,49,499,499,499,499,499,499,499,499,499,499,499,499,499,499,499,499","0,7,87,499,499,499,499,499,499,499,499,499,499,499,499,499,499,499,499,499,499,499,499,499,499,499,499,499,499,499,499,499,499,499,499,499,499,499,499,499,499,499,499,499,499,499,499,499,499,499,499,499,499,499,499,499,499,499,499,499,499,499,499,499,499,499,499,499,499,499,499,499,499,499,499,499,499,499,499,499,499,499,499,499,499,499,499,499,499,499,499,499,499,499,499,499,499,499,499"
"82,97,114,33,26,7,1,0,244,225,130,235,11,1,5,7,0,6,1,1,128,128,128,0,152,79,87,145,33,2,3,11,166,1,4,204,2,32,17,224,220,2,128,3,0,5,49,46,116,120,116,10,3,2,196,25,165,249,6,246,217,1,195,58,163,54,68,66,51,246,96,83,167,231,144,197,54,254,110,172,231,144,197,54,254,110,172,154,9,195,99,138,65,154,9,195,99,138,65,166,218,24,250,253,114,45,116,36,163,197,193,0,0,120,82,11,1,5,97,114,33,26,7,1,0,244,225,130,235,11,1,5,7,0,6,1,1,128,128,128,128,128,128,128,128,128,128,128,128,128,128,128,128,128,128,128,128,128,128,128,128,128,128,128,128,128,0,152,79,87,145,33,2,3,11,166,1,4,204,2,32,17,224,220,2,128,3,0,5,49,46,116,120,116,10,3,2,196,25,165,249,6,246,217,1,195,58,163,54,68,66,51,246,96,83,167,231,144,197,208,58,163,97,114,54,254,110,172,154,9,195,99,138,65,166,218,24,250,253,114,11,1,5,187,499,499,499,499,499,499,499,499,499,499,499,499","0,1,33,1,88,499,499,499,499,499,499,499,499,499,499,499,499,499,499,499,499,499,499,499,499,499,499,499,499,499,499,499,499,499,499,499,499,499,499,499,499,499,499,499,499,499,499,499,499,499,499,499,499,499,499,499,499,499,499,499,499,499,499,499,499,499,499,499,499,499,499,499,499,499,499,499,499,499,499,499,499,499,499,499,499,499,499,499,499,499,499,499,499,499,499,499,499,499,499"
"82,97,114,33,26,7,1,0,243,225,130,235,11,1,5,7,0,6,1,1,128,128,128,0,152,79,87,145,33,2,3,11,134,1,4,204,18,32,17,224,121,2,128,3,0,5,49,46,116,120,117,10,3,2,196,25,165,249,6,246,217,1,195,58,163,54,68,66,51,246,96,83,167,231,144,194,70,113,64,74,67,143,195,99,138,65,186,218,24,250,253,114,45,116,36,163,197,193,156,119,120,238,84,187,249,75,86,121,252,178,136,202,42,239,231,150,56,153,237,23,157,114,125,79,39,124,46,40,234,146,244,117,56,151,70,176,113,73,28,116,138,29,57,65,32,167,182,74,70,22,143,131,73,135,152,30,123,126,93,206,152,206,123,183,11,197,54,254,110,172,154,9,130,31,171,188,71,187,109,0,33,54,163,48,149,39,163,80,133,80,130,42,253,128,255,114,33,26,7,1,0,243,225,130,235,11,1,5,7,0,6,1,1,127,128,128,0,152,79,87,145,33,2,3,11,166,32,4,204,2,32,17,224,220,2,192,3,0,22,49,499,499,499,499,499,499,499,499,499,499,499,499,499,499,499,499","0,1,74,7,33,13,93,499,499,499,499,499,499,499,499,499,499,499,499,499,499,499,499,499,499,499,499,499,499,499,499,499,499,499,499,499,499,499,499,499,499,499,499,499,499,499,499,499,499,499,499,499,499,499,499,499,499,499,499,499,499,499,499,499,499,499,499,499,499,499,499,499,499,499,499,499,499,499,499,499,499,499,499,499,499,499,499,499,499,499,499,499,499,499,499,499,499,499,499"
"145,33,2,100,11,166,1,4,9,130,36,90,204,2,82,97,114,33,26,7,1,0,243,225,130,235,11,1,5,7,0,6,1,1,128,128,128,0,152,79,87,145,33,2,3,11,166,1,4,204,2,32,17,224,220,2,128,3,0,5,49,46,116,120,116,10,3,2,196,25,165,249,6,246,217,1,195,58,163,54,68,66,51,246,96,83,167,231,144,194,70,113,64,74,67,143,195,99,138,65,166,218,24,250,253,114,45,116,36,163,197,193,0,127,120,240,84,187,249,75,86,121,252,178,136,202,42,205,231,150,56,153,237,23,157,114,244,117,56,151,70,176,113,73,28,116,138,29,57,65,32,176,182,74,70,22,143,131,73,135,152,30,123,126,93,206,127,255,54,254,110,172,154,9,130,31,171,188,71,187,109,0,33,190,163,48,149,39,163,80,133,80,130,42,253,82,97,114,128,255,7,1,0,243,499,499,499,499,499,499,499,499,499,499,499,499,499,499,499,499,499,499,499,499,499,499,499,499,499,499,499,499,499,499,499,499,499,499,499,499,499,499,499,499,499,499,499,499,499,499,499,499,499,499,499,499","0,4,166,499,499,499,499,499,499,499,499,499,499,499,499,499,499,499,499,499,499,499,499,499,499,499,499,499,499,499,499,499,499,499,499,499,499,499,499,499,499,499,499,499,499,499,499,499,499,499,499,499,499,499,499,499,499,499,499,499,499,499,499,499,499,499,499,499,499,499,499,499,499,499,499,499,499,499,499,499,499,499,499,499,499,499,499,499,499,499,499,499,499,499,499,499,499,499,499"
